attitude.roll,attitude.pitch,rotationRate.x,rotationRate.y,rotationRate.z,userAcceleration.x,userAcceleration.y,userAcceleration.z,gravity.x,gravity.y,activity
0.23924,-1.444816,-1.982323,1.592905,-0.97837,-0.059953,1.250677,0.567997,0.029771,0.992075,downstairs
1.502147,-1.106526,1.979639,0.6452439999999999,1.043094,-0.431839,0.239702,-0.21573,0.446716,0.894149,upstairs
-1.359161,1.203622,0.59905,0.3552119999999999,-0.099198,-0.105196,0.541042,-0.122306,-0.35095,-0.933345,downstairs
2.650282,-1.060539,1.2848700000000002,0.265631,0.964628,-0.123776,-0.239746,0.009722,0.230419,0.872619,upstairs
0.666515,-1.482166,-0.0209789999999999,-0.065084,-0.064277,0.021044,0.004062,0.052728,0.054258,0.996075,standing
-1.8265240000000005,-1.2742719999999998,-0.024679,0.034742,0.005985,0.000309,0.000261,0.020395,-0.282612,0.956358,standing
2.332516,-1.307918,-0.191801,0.345219,-0.137755,-0.292777,0.270346,0.192134,0.188026,0.965646,upstairs
-1.562887,-1.255296,0.643684,3.649747,-2.540961,0.1180809999999999,-0.733738,-0.356295,-0.31028,0.950641,jogging
-0.625583,-1.13796,0.7981189999999999,-1.294826,1.124488,-0.155663,-0.231861,0.3463719999999999,-0.245613,0.90778,downstairs
0.198193,-0.486138,-0.006517,0.127624,0.047984,0.004717,0.020578,0.034347,0.174086,0.4672149999999999,sitting
0.8882459999999999,-1.256259,-1.712938,-0.1043109999999999,-0.557632,-0.214421,0.457111,-0.2782929999999999,0.24004,0.95094,downstairs
0.246009,-1.410189,1.643085,-1.6701290000000002,0.456231,0.341792,-1.072122,0.20265,0.0389459999999999,0.98713,jogging
1.740954,-1.395566,-0.014357,0.0037979999999999,-0.004725,-0.013821,0.011026,0.025842,0.171704,0.984686,standing
3.011066,-1.219084,-0.983314,0.366958,0.60942,0.384376,-0.324008,-0.016693,0.044839,0.938784,upstairs
2.180946,-1.420465,-0.019435,-0.018737,0.005286,0.00949,0.002306,0.0072489999999999,0.122743,0.988721,standing
-2.164644,-1.270034,-0.731064,-1.035344,-0.224012,0.1116829999999999,0.063001,-0.113528,-0.245517,0.955111,downstairs
-0.061448,-1.119648,-0.632307,-0.664561,0.026343,-0.238638,0.448274,-0.83642,-0.026773,0.8999469999999999,walking
2.918687,-1.231114,1.632458,1.2468860000000002,0.3826489999999999,-0.5805819999999999,0.601939,-0.587938,0.073655,0.942861,downstairs
0.314295,-0.398202,0.074921,-0.030287,-0.005952,0.000198,0.014628,-0.001674,0.284958,0.387762,sitting
0.733368,-0.332489,-0.060453,-0.033401,0.032269,-0.014933,0.010883,-0.026235,0.6327149999999999,0.326397,sitting
1.853967,-1.180464,2.931591,-0.8138340000000001,1.174452,-0.155519,-1.049981,-0.316333,0.365342,0.924783,jogging
-2.7326580000000003,-1.300254,-0.760201,-0.928516,-0.3503989999999999,0.264137,0.290448,-0.1751,-0.106254,0.963626,walking
0.003879,-1.021132,3.722525,-1.312984,1.681327,0.031635,0.113456,0.3357739999999999,0.002026,0.8527,upstairs
-1.212382,-1.497505,3.243418,-1.309711,-0.260368,0.0281279999999999,0.04042,0.369147,-0.068533,0.997315,jogging
0.377197,-1.451243,3.379953,1.76767,1.109602,0.186792,0.146405,0.355937,0.0439209999999999,0.992862,upstairs
2.3180110000000003,-1.112076,-1.122757,0.764931,-0.199649,-0.4578569999999999,0.2347429999999999,-0.12052,0.32483,0.8966200000000001,downstairs
-1.640251,-1.288607,0.768675,-0.2252969999999999,0.1837619999999999,-0.0529549999999999,-0.023696,0.085871,-0.277764,0.960448,upstairs
0.769835,-1.358508,-1.09297,1.542684,-0.552956,0.095996,-0.206967,0.190333,0.146649,0.977551,walking
0.47689,-1.351113,-0.3053349999999999,0.5708300000000001,0.2904239999999999,0.339962,0.7026680000000001,0.318766,0.10001,0.975966,downstairs
0.7119439999999999,-1.423704,-0.950089,-0.416442,-0.720811,0.122581,-0.290639,0.086932,0.0957269999999999,0.989201,downstairs
-2.066171,-1.088743,-1.253333,1.249877,0.0473339999999999,0.015706,0.104617,-0.164117,-0.407841,0.8860450000000001,upstairs
-0.46998,-0.475256,-4.120186,1.385906,0.609875,0.058609,-1.293091,1.111006,-0.40268,0.457566,jogging
1.457453,-1.205704,1.031853,0.320154,1.206187,-0.489434,0.4953369999999999,0.154547,0.354745,0.934091,upstairs
0.789443,-0.711615,1.370194,0.7014130000000001,0.4685189999999999,-0.315797,0.341785,0.680666,0.537659,0.653058,walking
-0.232334,-0.019875,0.004096,-0.003889,0.000614,0.0146889999999999,0.028848,-0.005408,-0.230204,0.019874,sitting
-0.7774770000000001,-1.388718,-0.0103349999999999,0.261165,-0.035144,-0.067459,-0.003718,-0.04282,-0.126861,0.983469,standing
2.489401,-1.357804,-0.56129,1.567857,-0.756042,0.011158,-0.15204,-0.116689,0.128277,0.977403,walking
-1.839379,-1.462278,0.029935,0.013632,-0.052273,0.011974,0.005287,0.047152,-0.1041059999999999,0.994118,standing
0.992638,-1.002666,-4.824203,2.9824080000000004,-1.81701,-1.015532,-0.520826,1.854432,0.450606,0.842908,walking
0.508494,-0.452987,0.0019219999999999,-0.003545,4.7e-05,-0.003433,-0.0039369999999999,-0.014849,0.437759,0.4376529999999999,sitting
0.400088,-1.302529,-0.794838,1.1252950000000002,-1.445799,-0.318791,1.563311,-2.036767,0.10323,0.964232,downstairs
-2.476954,-0.578803,0.0017289999999999,-0.010153,-0.00611,0.044923,-0.1247809999999999,0.117301,-0.516313,0.547022,sitting
-2.069356,-0.811837,-0.656619,0.365017,-0.368405,0.153586,-0.299939,-0.228557,-0.604392,0.725553,upstairs
2.0020279999999997,-1.389659,-1.086066,0.64417,-0.845809,0.0562649999999999,-0.030698,-0.108301,0.163614,0.983639,walking
0.785841,-0.0910909999999999,-0.000363,0.000212,-4e-05,-0.012256,0.003518,-0.01504,0.704486,0.090965,sitting
1.460077,-1.213389,2.59552,0.015926,2.218788,0.056785,0.513282,-0.267208,0.347695,0.936807,downstairs
-2.46287,-0.4015,0.008664,8.499999999999999e-05,-0.003734,0.039229,-0.184516,0.093153,-0.577865,0.3908,sitting
-0.036322,-1.277874,0.959495,-1.059199,0.354194,0.010775,0.325448,-0.289334,-0.010485,0.957404,walking
0.915516,-1.0929,-2.123913,0.491829,-1.392197,-0.08978,-0.001642,0.050997,0.364652,0.887964,downstairs
-2.59104,-1.266733,-1.04194,0.435462,-0.190795,0.115754,-0.058971,0.118057,-0.156633,0.954128,upstairs
-2.871278,-0.411933,0.003424,0.001352,0.006938,0.000505,0.002527,-0.00555,-0.244692,0.400382,sitting
-2.915855,-0.133444,-0.003476,-0.003439,-0.0031149999999999,0.004825,-0.005164,-0.0061259999999999,-0.221835,0.133048,sitting
-0.059434,-1.418927,1.386279,0.991334,-0.4753479999999999,0.2480119999999999,0.046956,0.10392,-0.008983,0.98849,walking
-2.750882,-1.451234,1.631313,-0.566419,0.773345,-0.184879,-0.216585,0.088411,-0.045376,0.992861,downstairs
0.579024,-1.372406,1.09287,-1.184257,-0.041261,-0.087859,-0.1175619999999999,0.1029809999999999,0.107848,0.980385,upstairs
-0.02041,-1.152347,0.741984,-1.834588,0.272232,-0.13395,1.969382,-1.303187,-0.008293,0.91372,walking
1.5266959999999998,-1.038951,-0.438154,0.001077,-0.828507,0.138424,0.1167339999999999,-0.16232,0.506626,0.861873,walking
-1.445705,-1.44243,-3.226109,-3.672187,-0.3704969999999999,-0.010959,0.038425,-0.224421,-0.126965,0.991772,downstairs
-2.585167,-1.495747,0.025369,-0.001367,-0.037323,-0.014802,0.008873,0.033144,-0.0395649999999999,0.997185,standing
0.034192,-1.555046,0.512241,0.133169,-0.354019,0.102458,0.601275,-0.047614,0.000538,0.999876,upstairs
-0.402619,-0.931455,-2.391295,0.552966,0.911745,0.887798,0.819154,0.520177,-0.233791,0.802489,jogging
0.217134,0.115069,-0.004626,-0.011214,0.011408,0.000669,-0.001289,-0.001298,0.214007,-0.114815,sitting
0.6213489999999999,-1.430664,2.453984,1.216872,1.511377,0.2466219999999999,0.141806,-0.1413819999999999,0.081304,0.990197,upstairs
0.07292,-1.389995,2.3598060000000003,-0.367417,1.35574,-0.170294,0.202152,0.464017,0.0130979999999999,0.9837,downstairs
-2.4780729999999997,-0.165663,0.001347,0.004241,7.2e-05,0.0094489999999999,-0.010594,0.001925,-0.607456,0.164906,sitting
-0.406926,-1.261741,0.923817,1.405336,-0.415308,0.144964,0.112045,-0.062933,-0.1203819999999999,0.952621,jogging
0.4877069999999999,-0.33786,-0.015962,0.0080769999999999,0.006372,-0.015443,0.013837,0.002946,0.44211,0.331469,sitting
2.626664,-1.394769,-3.045501,-2.065969,-0.734815,-0.325401,0.645153,-0.2069369999999999,0.086219,0.984547,jogging
1.375842,-1.244163,2.254081,-0.896525,-0.063274,0.008606,0.558365,0.047669,0.314743,0.947128,downstairs
1.76355,-1.505186,0.002679,0.010491,0.000798,0.0033689999999999,0.002136,0.002837,0.064349,0.997848,standing
2.610191,-1.402578,-0.4062989999999999,1.417859,0.2311619999999999,0.100703,-0.135497,-0.078519,0.084829,0.985885,upstairs
0.068226,-0.2073469999999999,0.0092959999999999,-0.000359,0.001748,0.019652,0.022712,-0.000732,0.066713,0.205864,sitting
0.65273,-0.498105,-0.000299,0.008042,-0.0016239999999999,-0.00307,0.003836,-0.006601,0.533557,0.477761,sitting
1.7051740000000002,-1.078451,0.029751,0.085501,-0.022206,0.036969,0.000594,-0.014562,0.468433,0.8812270000000001,standing
-0.168644,-1.071124,-1.249652,-0.574608,-1.652092,0.297046,0.226356,0.6534840000000001,-0.080417,0.8777389999999999,walking
-1.712489,-1.353996,0.0076549999999999,-0.002842,-0.000352,-0.026192,0.002444,-0.0164139999999999,-0.212943,0.976591,standing
-0.24685,-0.031118,-0.0012779999999999,0.000728,-0.002001,0.014573,0.0413959999999999,-0.005423,-0.244233,0.031113,sitting
-1.84144,-1.302758,0.006317,-0.114827,-0.02355,-0.0054399999999999,0.000872,0.02288,-0.254936,0.964292,standing
-1.549591,-1.139776,2.592113,-0.145922,-0.4545149999999999,0.088048,0.07791,-0.187248,-0.4176689999999999,0.90854,upstairs
-0.230809,-1.153537,-0.36576,-1.003923,-0.277893,0.115289,0.086056,0.5998680000000001,-0.092706,0.914203,walking
-2.68673,-1.063708,-1.533343,1.3147209999999998,-0.813397,-0.047449,0.988249,0.288408,-0.213339,0.8741620000000001,downstairs
-0.709429,-0.78415,-0.105592,3.828094,0.979775,0.475558,0.8011,0.0141039999999999,-0.461184,0.706224,jogging
-0.129597,-1.242227,-0.181888,0.001882,0.166207,0.11975,-1.566378,0.184919,-0.041701,0.946505,jogging
1.565277,-1.467623,-6.050406,2.547299,-1.167723,-0.931597,-0.539146,-1.611813,0.102923,0.994682,jogging
2.4523740000000003,-1.424122,0.057847,0.1475,0.072244,-0.0135039999999999,0.012568,-0.00642,0.092941,0.989263,standing
0.642356,-0.5970479999999999,-0.0040479999999999,-0.011441,0.005939,-0.011035,0.041724,0.015224,0.4954409999999999,0.562204,sitting
0.402984,-1.106646,-1.180863,1.337098,-0.582856,0.028269,-0.053397,-0.08722,0.175558,0.894202,upstairs
2.4348490000000003,-1.333583,0.003123,0.014018,-0.001187,-0.024771,0.003956,0.013402,0.152594,0.971996,standing
2.629568,-1.55284,-0.638425,0.392101,-0.085888,0.006762,0.0994039999999999,0.0116709999999999,0.00868,0.999839,walking
-0.7307640000000001,-1.203166,-2.654268,-0.314863,-0.712306,-0.053134,0.237259,0.460157,-0.2398809999999999,0.933181,upstairs
-3.081276,-1.378231,0.398929,-0.061273,-0.085897,0.38606,0.457647,-0.060761,-0.011533,0.981516,walking
0.8635729999999999,-1.038259,0.434176,0.696364,0.268474,-0.6087020000000001,0.8824360000000001,0.040161,0.385954,0.8615219999999999,upstairs
1.703266,-1.07901,0.058849,0.090838,0.0256029999999999,0.001342,0.027018,0.004281,0.4680649999999999,0.881491,standing
0.46906,-1.389795,2.204731,-1.980029,1.776973,-0.414994,-0.510962,0.443928,0.081375,0.983664,walking
-2.488562,-0.353771,0.004402,0.002227,-0.002698,0.019978,-0.145037,0.058137,-0.5699649999999999,0.346438,sitting
1.456121,-1.253329,0.010397,-0.023324,0.055809,-0.055826,0.034743,0.089193,0.310038,0.950029,standing
1.61405,0.115837,3.700513,2.002288,2.410285,1.094126,-0.579048,0.15398,0.99236,-0.115578,jogging
0.287475,-0.670854,0.59472,-0.643848,-0.218459,-0.184429,-0.2389639999999999,0.258805,0.2220869999999999,0.6216550000000001,upstairs
-2.330032,-1.401746,-1.094719,-0.25644,0.043679,0.585094,-1.7368279999999998,0.011141,-0.1220359999999999,0.985745,jogging
-2.8827580000000004,-1.1692209999999998,1.09445,-0.514048,1.235333,0.084295,-0.922109,-0.567721,-0.1000419999999999,0.920446,jogging
-1.7147,-1.484067,-0.074732,4.345951,-5.43959,-2.717771,1.588735,-1.048921,-0.085726,0.996241,jogging
0.545172,-0.241662,0.002874,0.013074,-0.003632,-0.003008,0.002687,-0.005684,0.503496,0.239317,sitting
-2.8348310000000003,-1.496089,4.2e-05,0.002807,-0.002301,0.033345,0.00433,0.021456,-0.02245,0.997211,standing
0.935221,-1.337639,-0.0173819999999999,-0.199753,0.031541,-0.02718,0.0019579999999999,-0.0293389999999999,0.185856,0.972942,standing
0.70019,-1.329468,1.3702450000000002,-0.045307,0.642469,0.656467,1.966311,-0.354971,0.153973,0.971021,downstairs
-0.099712,-1.205985,-1.222949,-0.386736,-0.0414089999999999,0.272179,-1.387911,0.160436,-0.035516,0.934191,jogging
0.326412,-1.247036,-0.342574,0.007339,0.079913,0.142713,-0.005754,-0.052457,0.102007,0.948046,upstairs
3.018891,-0.970674,2.230163,-0.301062,0.8802479999999999,-0.0456639999999999,-0.7880050000000001,-0.062825,0.069117,0.825267,downstairs
-1.736562,0.003173,-0.899623,-1.7306400000000002,-1.982721,-0.918783,0.418822,-0.212277,-0.986277,-0.003173,downstairs
-2.997688,-1.338234,0.266707,0.3493719999999999,0.908097,0.070646,0.139287,0.2193639999999999,-0.033049,0.973079,upstairs
-1.154652,-1.401968,-0.02107,0.0085989999999999,-0.008971,0.006272,0.009579,0.014868,-0.153687,0.985782,standing
1.307775,-0.952679,-0.109424,0.030172,0.129821,0.208426,0.228761,0.047732,0.5595640000000001,0.814971,walking
0.429568,-1.533675,0.002117,-0.011954,-0.001051,-0.005127,0.006899,-0.010264,0.0154569999999999,0.999311,standing
1.4275719999999998,-1.075382,-0.417477,1.354428,0.093244,-0.381817,-0.1216839999999999,-0.081331,0.470516,0.8797719999999999,upstairs
-0.724671,-1.247187,1.417555,0.872926,1.827975,0.061625,0.300579,0.063083,-0.21078,0.948094,upstairs
1.899811,-1.484245,-0.099196,-0.3488469999999999,-0.024152,-0.025547,0.030843,0.056069,0.0818059999999999,0.996257,standing
-1.427581,-1.185309,0.004711,-0.004806,-0.007637,-0.007037,0.006536,0.028642,-0.37216,0.926615,standing
0.501356,-0.194868,-0.001107,-0.0004349999999999,0.0023539999999999,0.005227,0.03227,0.005461,0.471518,0.1936369999999999,sitting
-0.306903,-1.261317,-1.475996,1.169295,0.054615,-0.333411,-0.5563739999999999,1.24153,-0.092004,0.952492,walking
-1.719947,-1.451663,-1.224717,1.05392,1.0956780000000002,-0.180231,0.567787,-0.319052,-0.117529,0.992912,jogging
-0.5647,-1.282519,1.993696,0.790632,0.936413,0.14656,-0.075404,0.0599679999999999,-0.152145,0.958735,walking
2.709951,-1.4108,-0.410383,1.185084,-0.032352,-0.036006,-0.038818,-0.02027,0.066646,0.987228,upstairs
1.331779,-0.556025,-1.280758,2.091209,-1.356965,-0.424456,-0.2492349999999999,0.020115,0.825213,0.5278149999999999,downstairs
0.501725,-0.194092,0.00031,-0.001946,-0.003499,0.0036479999999999,0.032969,0.007951,0.471908,0.192876,sitting
-0.683237,-1.259477,2.904018,-1.09072,1.644778,1.1062610000000002,0.561192,0.903246,-0.193373,0.95193,downstairs
0.120166,-1.1481709999999998,0.639501,-1.500512,-0.887761,-1.185246,-1.6478099999999998,1.302935,0.049168,0.912015,jogging
-0.165693,-0.957608,2.402852,0.540493,0.3824329999999999,0.070824,0.053551,0.2751159999999999,-0.094917,0.817817,upstairs
0.248415,-0.719993,0.318415,-2.22605,0.797481,-0.315904,-0.397081,0.949939,0.184846,0.65938,walking
1.382484,-1.23945,-1.262572,0.419629,-0.8704139999999999,-0.241201,-0.148578,0.094907,0.31954,0.945605,walking
-2.581706,-0.199429,0.058564,0.010478,-0.054321,0.008356,-0.054768,0.020692,-0.520563,0.1981089999999999,sitting
0.008596,-1.229557,0.21819,-0.468441,-0.322855,-0.043724,1.553204,-0.408065,0.002876,0.942341,jogging
-1.594061,-1.266815,0.003481,0.061501,-0.00149,-0.016404,0.000941,0.078562,-0.29924,0.954152,standing
-1.936343,-1.251826,0.643123,5.435601999999999,-3.071496,-1.611122,2.141048,3.04742,-0.2928699999999999,0.949559,jogging
-0.966693,-1.331913,-3.5706809999999995,-0.7133390000000001,-0.737271,0.144645,0.363648,-0.713206,-0.194739,0.971603,downstairs
-2.665389,-0.095222,-0.003348,-0.005934,-0.000148,0.005893,0.0005639999999999,-0.003261,-0.4563319999999999,0.095078,sitting
0.406553,-0.056701,0.006301,-0.001614,-0.0051979999999999,0.00584,0.002656,-0.002054,0.39481,0.05667,sitting
1.528967,-1.347754,-1.534683,1.659086,0.649838,-0.964616,0.706625,0.056628,0.220994,0.975229,upstairs
-1.618416,-1.261729,0.014672,0.057841,-0.001272,-0.033872,-0.01083,0.0738549999999999,-0.303805,0.952618,standing
-3.011772,-1.504646,0.0274319999999999,-0.020328,0.002495,-0.003085,0.005559,0.024909,-0.0085569999999999,0.997813,standing
2.352218,-1.35548,1.101586,1.801653,-0.170228,0.008652,0.303532,-0.2051889999999999,0.151657,0.976909,upstairs
0.5390149999999999,-0.156921,-0.018343,0.052884,-0.019834,0.004567,-0.008558,0.009122,0.506984,0.156278,sitting
1.112128,-1.471584,-1.304735,0.011028,0.046342,-0.190629,-0.4368399999999999,0.001952,0.088808,0.995082,downstairs
0.501026,-0.437357,0.002514,-0.003365,0.004303,0.0019579999999999,0.002296,-0.009788,0.435114,0.423547,sitting
0.475112,-0.166039,0.002856,-0.000834,-0.001727,-0.013418,0.021429,-0.010668,0.451147,0.165277,sitting
1.83613,-0.501621,0.408889,-0.100469,-0.428239,0.044494,0.489352,-0.425355,0.846101,0.480847,walking
0.685782,-1.237848,2.818476,0.075869,0.567053,-0.567128,0.593079,0.181195,0.206975,0.945083,walking
-2.338916,-0.3139,0.5373760000000001,0.0171699999999999,0.668886,-0.1739349999999999,0.271476,0.2465369999999999,-0.684067,0.30877,upstairs
0.23918,-1.233711,2.9652990000000004,1.387632,0.3947239999999999,0.004213,3.076388,-0.606632,0.078352,0.943723,jogging
0.843608,-1.143885,0.02598,0.044361,-0.054825,0.024034,0.003707,0.054833,0.309294,0.910249,standing
-2.075501,-1.277787,-1.7152330000000002,0.136607,0.361831,-0.304576,-0.553113,0.161489,-0.252782,0.957379,downstairs
0.7776489999999999,-0.09162,-0.002379,-0.002073,0.0040939999999999,-0.014444,-0.005127,-0.0167569999999999,0.698663,0.091491,sitting
0.809311,-1.3066799999999998,0.5749340000000001,0.604576,-0.2682449999999999,-0.108268,-0.350715,0.09665,0.188926,0.965324,upstairs
3.080508,-1.29511,-0.683801,-0.050232,-0.961927,0.364044,0.099315,-0.281611,0.016617,0.962239,walking
-1.6433220000000002,-1.240611,0.0018969999999999,0.026677,0.0069159999999999,-0.013302,-0.005354,0.104225,-0.323337,0.945982,standing
0.56648,-1.449388,-0.478083,-0.936917,-0.308654,0.146164,-0.134714,0.092558,0.064972,0.992639,downstairs
2.931568,-1.271679,0.55529,-2.96665,1.090575,0.260999,0.117493,-0.110554,0.061434,0.955597,downstairs
-2.530442,-1.080517,1.781051,0.3499239999999999,1.168584,-0.002423,0.376527,-0.67,-0.27019,0.882201,upstairs
-1.928175,-0.521472,-3.522498,-1.146937,-2.246412,0.813462,-0.6752199999999999,-0.823435,-0.8123020000000001,0.4981569999999999,upstairs
0.8748600000000001,-1.356598,-0.670137,1.035784,-0.300784,0.001173,-0.246709,0.023483,0.163133,0.977147,upstairs
1.197623,-1.200058,0.57431,-1.860395,1.343488,-0.057205,-0.1394119999999999,0.48166,0.337357,0.93206,upstairs
0.5224260000000001,-0.44742,0.000331,0.002286,0.001873,-0.004707,0.008582,-0.005314,0.449867,0.432641,sitting
-1.627202,-1.0744,2.545444,3.645814,1.375444,0.415703,-0.255831,-0.810006,-0.475487,0.8793049999999999,walking
1.084271,-1.258944,0.280536,0.679026,1.00561,0.4738699999999999,-0.372635,0.164314,0.271216,0.951767,downstairs
0.1072849999999999,-1.077568,-0.393278,-2.0027220000000003,-0.864575,1.145605,0.732396,3.836136,0.050699,0.8808090000000001,jogging
0.284626,-0.320842,-0.037968,0.001723,0.040732,-0.005331,-0.0016,-0.0195389999999999,0.26647,0.315366,sitting
0.118545,-1.188178,3.345047,-0.088199,0.822092,-0.351879,0.7227,0.311725,0.044155,0.92769,downstairs
0.334179,-1.0635,0.575498,0.1285599999999999,-0.042755,-0.122723,0.972588,0.2286699999999999,0.159344,0.8740610000000001,walking
2.093591,-1.460575,-0.445954,0.4618359999999999,-0.202502,0.012348,-0.2077989999999999,-0.054589,0.095257,0.993932,upstairs
-1.051963,-1.398425,4.9721470000000005,-1.893307,0.746222,-0.0572299999999999,2.594226,0.158175,-0.148901,0.985181,jogging
0.8704649999999999,-1.413413,0.10091,0.180426,0.006548,0.056099,-0.009629,0.00118,0.119545,0.987641,standing
0.232789,-0.392326,-0.019096,-0.016069,0.018056,-0.008453,0.004975,-0.009929,0.213165,0.382339,sitting
-0.009687,-1.430485,-0.238632,0.46165,0.289625,-0.007404,-0.187499,0.09316,-0.001354,0.990173,walking
-1.2191379999999998,-1.110616,-1.267088,-0.053814,-0.556667,0.050334,0.454476,0.351531,-0.416911,0.8959719999999999,walking
-0.278201,-1.307377,0.011667,5.283269000000001,-0.653863,-0.739138,1.147608,-0.226082,-0.0715,0.965505,walking
0.879286,-1.24653,-0.28231,-0.875877,-1.139014,-0.964757,-1.075921,0.01825,0.245412,0.947885,jogging
-0.041306,-1.001045,-2.192627,1.192034,-0.635546,0.399167,-1.52302,1.27596,-0.022275,0.8420350000000001,jogging
0.776068,-0.091823,0.000889,0.003407,-0.002322,-0.008654,0.004405,-0.013561,0.697527,0.091694,sitting
-2.663985,-0.09459,0.00082,-0.030304,-0.0118079999999999,0.004827,0.003101,-0.005786,-0.457601,0.094449,sitting
1.178462,-0.999041,1.897756,1.430204,1.157635,-0.100111,1.382268,0.038383,0.499983,0.840952,jogging
0.6219439999999999,-1.382013,-0.003663,-0.005802,-0.004253,0.033115,0.012777,0.080119,0.109203,0.982233,standing
-0.011566,-0.942549,1.123837,-3.067215,0.675662,-0.331276,-0.4851609999999999,0.882915,-0.006798,0.809059,walking
-2.403508,-0.234056,-0.002431,-0.001067,-0.004859,0.002177,0.00271,-0.004479,-0.65452,0.231925,sitting
-2.3844939999999997,-1.25491,-2.440138,0.919228,1.723917,0.397239,0.010202,-0.031996,-0.213294,0.950522,walking
0.998429,-0.748642,-0.002405,-0.004967,0.004871,0.009807,0.008686,0.008631,0.615849,0.680645,sitting
-0.203747,-1.203717,-0.902584,1.695111,0.797067,0.043821,-0.14598,-0.0839309999999999,-0.072614,0.93338,downstairs
0.300324,-1.352481,-3.977303,0.97249,-3.799227,-0.814528,1.2713709999999998,0.8094399999999999,0.064071,0.976264,jogging
0.213869,-1.243483,2.549407,-1.50651,2.936607,-0.1508,0.6307729999999999,0.149377,0.068235,0.94691,walking
-2.5230740000000003,-0.2314139999999999,0.0111,-0.04177,-0.0366279999999999,-0.017568,0.009675,-0.013571,-0.564372,0.229354,sitting
-2.914469,-0.133105,-0.002991,-0.006222,-0.00252,-0.004707,-0.001121,-0.0019809999999999,-0.223183,0.132712,sitting
0.613002,-0.728358,1.20162,-1.538137,0.817235,-0.075588,-0.152064,0.174463,0.429347,0.6656449999999999,upstairs
-1.50003,-1.401155,1.302461,2.421288,2.4725650000000003,-0.571203,3.554302,0.589055,-0.168406,0.985645,walking
-2.069143,-0.431278,-0.002546,-0.0051979999999999,0.009392,0.00566,0.002805,-0.00084,-0.7979109999999999,0.4180319999999999,sitting
-1.825535,0.003572,2.317254,0.559271,0.362333,0.21341,0.062669,-0.239202,-0.967713,-0.003572,downstairs
1.7266400000000002,-0.072646,-2.083601,-7.404188,-2.666485,1.580942,-0.190486,0.4165319999999999,0.985266,0.072582,jogging
0.513351,-1.069076,2.612284,-2.364013,1.384247,0.1192579999999999,0.049345,0.2891869999999999,0.23618,0.876757,upstairs
2.526918,-1.4107690000000002,-0.5337109999999999,0.2131969999999999,-0.911322,-0.250996,-0.192682,-0.004885,0.091847,0.987223,jogging
1.429352,-1.403118,-0.0121959999999999,-0.03779,0.075501,0.012983,0.003786,-0.0025,0.164934,0.985975,standing
-1.872112,-1.446723,-4.158702,-1.351035,-1.118499,0.214864,0.496533,-0.173302,-0.1181079999999999,0.992313,jogging
1.465398,-1.2472299999999998,-0.039191,-0.083237,-0.0521909999999999,-0.0466269999999999,0.00694,0.007508,0.3161739999999999,0.948108,standing
-2.353262,-1.498205,-2.127157,3.014396,0.39663,0.05919,-0.418112,-0.054617,-0.051424,0.997366,walking
0.458675,-1.093509,-0.748935,-0.920603,0.871941,0.527174,0.513596,0.041366,0.2033859999999999,0.8882450000000001,downstairs
-0.134196,-1.419484,-0.947398,0.641795,-0.0212289999999999,0.1464599999999999,-0.1109339999999999,0.016442,-0.020163,0.988574,walking
1.334236,-0.953855,1.936123,0.211993,3.672936,-0.0788789999999999,-0.084756,-0.045584,0.5624140000000001,0.815652,walking
0.799284,-1.386989,0.020215,0.0514279999999999,0.014578,-0.019156,0.012008,0.058048,0.131018,0.983155,standing
1.404691,-1.535187,-0.009823,0.190646,0.030451,0.039278,0.018944,0.031708,0.0345899999999999,0.999366,standing
-2.48008,-1.076638,-1.05775,0.762061,-0.056833,0.109366,0.407535,-0.009577,-0.291327,0.880368,jogging
-2.1787810000000003,-1.148919,-2.007731,-0.2244469999999999,-0.801433,0.087332,0.300126,0.22495,-0.336096,0.912322,downstairs
0.8611049999999999,-1.232498,-0.860383,0.33973,-0.219101,0.126712,-0.972725,-0.066203,0.251752,0.943321,downstairs
0.293063,-1.378118,-4.317044999999999,-1.554457,-0.266604,0.6277010000000001,0.566296,-0.089857,0.055313,0.981495,jogging
-0.696757,-1.452364,-0.710823,0.1467369999999999,0.4970159999999999,0.355376,0.105516,-0.132634,-0.075774,0.992995,downstairs
-2.023491,-0.184188,0.2463449999999999,2.773793,2.6468580000000004,2.373713,-0.649151,-0.57707,-0.884058,0.183148,jogging
1.103167,-1.252302,-0.538287,0.012261,0.083302,0.237643,0.918319,0.261158,0.279508,0.949708,downstairs
-0.002932,0.091691,0.001964,0.0073219999999999,-0.002419,0.000997,0.015269,-0.001062,-0.00292,-0.091563,sitting
-1.962815,-1.363002,0.132437,0.0587009999999999,-0.4248619999999999,0.400704,0.287701,-0.221412,-0.190651,0.978488,walking
-3.002606,-1.2421209999999998,-3.279375,1.357424,1.859212,-0.708212,0.125291,-1.168757,-0.044718,0.946471,jogging
1.246209,-1.128018,2.80452,-1.308348,2.973865,0.405207,0.763717,0.028041,0.406072,0.903565,upstairs
0.20528,-0.455776,0.0685289999999999,-0.076339,-0.005003,0.03532,0.029689,-0.027504,0.183033,0.44016,sitting
3.0826759999999997,-1.329309,-2.043974,-1.398664,-1.124665,-0.0858559999999999,-0.353857,-0.600965,0.014079,0.970983,walking
-2.882648,-1.164871,1.664953,3.710176,-0.401475,-0.7657430000000001,0.877237,0.935089,-0.101109,0.918737,jogging
-0.8365940000000001,-1.298226,1.101979,-0.8428979999999999,0.444725,0.191002,0.1743839999999999,-0.370668,-0.199822,0.963082,downstairs
-0.924523,-1.4832040000000002,-0.242704,-0.392908,1.032899,0.19727,-0.311352,0.099584,-0.069813,0.996166,upstairs
-0.144713,-0.759146,-2.197663,0.197625,0.021389,0.038022,0.724204,-0.1505369999999999,-0.1046119999999999,0.6883020000000001,upstairs
0.694875,-1.261462,0.1698339999999999,0.203468,-0.0977,-0.040831,0.0056549999999999,0.068869,0.194914,0.952536,standing
-1.5835290000000002,-1.260581,-0.004228,-0.106302,0.008297,-0.013683,0.007403,0.042379,-0.30518,0.952268,standing
0.803504,-1.044496,3.937942,-1.088084,2.653848,0.164791,0.094511,0.249776,0.361576,0.8646719999999999,upstairs
1.117394,-1.1255110000000002,-1.11458,0.19983,-0.361739,0.083105,-0.0305089999999999,0.161011,0.387187,0.902488,downstairs
0.332257,-0.330356,0.006122,-0.004475,0.009533,-0.015968,0.0044469999999999,-0.0136289999999999,0.30854,0.32438,sitting
-0.655069,-0.3759349999999999,-0.418659,-0.748204,0.8248489999999999,-0.351531,0.679946,-0.702288,-0.566667,0.367142,upstairs
-1.898436,-0.910988,-0.541095,3.221277,-3.57741,-0.190092,-0.772456,-1.166983,-0.5803550000000001,0.7901100000000001,jogging
-0.533578,-1.177329,-1.317949,0.209308,0.191474,0.076357,-0.841966,0.454829,-0.194994,0.923585,downstairs
0.495272,-0.853677,-1.238034,2.0185869999999997,0.065127,-0.350832,2.037299,0.5601970000000001,0.312349,0.7537020000000001,walking
1.785682,-1.41143,-0.00299,0.025054,-0.010226,0.001038,0.012229,-0.00232,0.154999,0.987328,standing
-0.511867,-1.335658,-0.03315,0.064565,-0.106941,-0.028831,0.0301269999999999,0.037105,-0.114099,0.972482,standing
1.268703,-0.747689,-1.730879,0.435005,-0.929772,2.6324080000000003,0.258439,0.153476,0.70005,0.679946,jogging
0.53589,-0.6790470000000001,-0.510013,-2.476449,-0.765678,-0.368836,-0.248687,0.519746,0.39734,0.628051,walking
2.768895,-1.306235,0.456379,-1.362188,-0.03606,0.463134,0.174319,-0.5136390000000001,0.0952,0.965207,upstairs
-2.762795,-1.389,3.362051,0.433677,-0.051052,0.39595,1.717453,0.238855,-0.066833,0.98352,jogging
0.475672,-0.165064,0.0037229999999999,-0.007988,-0.00491,-0.016378,0.022926,-0.009283,0.451711,0.164315,sitting
0.751317,-0.995449,0.588623,0.1186079999999999,-0.0412089999999999,-0.806815,-0.514129,0.390957,0.37142,0.8390040000000001,walking
0.994661,-1.259656,0.012805,0.023097,0.011025,0.046402,-0.003957,-0.012415,0.256561,0.951985,standing
-2.453455,-1.247327,0.969386,0.8841389999999999,-0.138577,0.589039,0.7246520000000001,-0.363325,-0.201863,0.948138,walking
2.603963,-1.291428,2.018929,0.5572600000000001,1.494923,-0.758182,0.2408269999999999,-0.05962,0.141177,0.96123,walking
2.928445,-1.346975,-3.122791,-2.644406,-3.5845050000000005,0.217479,1.096324,0.050234,0.046925,0.975057,jogging
0.639152,-1.064527,0.590659,1.317035,0.276887,-0.232436,0.525968,-0.183224,0.289259,0.874559,downstairs
0.385144,-0.936253,-1.3604969999999998,0.62115,-0.458639,0.087773,-0.285384,0.0545519999999999,0.222713,0.805342,upstairs
-2.476309,-1.418557,5.802409,5.530016000000001,-0.706915,-0.450393,0.286682,-0.789663,-0.0935059999999999,0.988434,walking
0.322271,-0.334436,0.000871,-0.007437,-0.00026,-0.000132,0.0038399999999999,-0.001983,0.299174,0.328237,sitting
0.233242,-1.219806,1.902812,-1.543419,0.292817,-0.006807,-0.191413,0.231016,0.07947,0.939033,jogging
-2.477622,-1.360311,-0.002842,-0.024439,-0.00327,-0.024124,0.008276,-0.055947,-0.128754,0.97793,standing
-0.220256,-1.450699,0.723997,1.028528,0.007267,-0.2606179999999999,0.173005,-0.136205,-0.0261709999999999,0.992797,upstairs
1.754284,-1.100364,-3.3783870000000005,0.097896,-2.244218,0.468816,0.315476,-0.3128329999999999,0.445643,0.8913719999999999,jogging
2.11947,-1.539144,1.229136,-0.37198,0.610417,0.048836,-0.100497,-0.032984,0.026726,0.999499,walking
-0.978835,-1.425708,-0.002487,0.008423,0.000333,-0.00564,0.005761,-0.069005,-0.11997,0.989493,standing
-0.188868,-1.182498,-0.426702,-0.1922589999999999,0.06824,0.2119219999999999,-0.160342,0.331734,-0.071084,0.925555,walking
-1.922495,-1.3382690000000002,3.391661,0.286778,0.098842,-0.451622,1.404476,0.540007,-0.2163159999999999,0.973087,jogging
-0.783287,-1.459336,-3.761492,-3.579331,-2.2159869999999997,-0.558174,3.191737,0.508549,-0.078453,0.993795,jogging
1.7764240000000002,-1.003984,-0.005642,-0.375505,-2.18102,0.226341,-0.195698,-0.051784,0.525612,0.8436170000000001,upstairs
1.739587,-1.142556,-1.292489,1.964738,-1.197816,0.361235,-0.117645,-0.794797,0.409364,0.909698,walking
1.715823,-1.466367,-0.014815,0.065689,-0.015694,-0.005807,0.004578,0.005799,0.103112,0.994552,standing
3.01231,-1.359479,0.602162,-0.008294,-0.288487,-0.21936,0.207746,-0.088669,0.0270389999999999,0.977755,downstairs
0.531597,-1.464921,-0.0142449999999999,-0.011209,-0.014799,-0.010226,0.008438,0.014253,0.053561,0.9944,standing
-2.788035,-1.234823,0.548442,-0.818914,-0.722889,0.229845,0.297579,-0.379422,-0.114138,0.94409,downstairs
1.860767,-1.249337,1.548755,-0.236517,1.373975,-0.254113,1.936036,0.375752,0.302727,0.948775,walking
-2.404286,-0.233009,-0.001434,0.001464,0.0060729999999999,-0.00551,-0.0091349999999999,-0.001937,-0.6541279999999999,0.230907,sitting
0.244476,-0.308132,-0.0014349999999999,0.038834,0.01519,0.006687,0.007268,-0.002679,0.230648,0.303279,sitting
-0.584954,-1.020165,2.899453,-0.197893,0.181838,-0.197916,-0.330329,0.227791,-0.2889,0.852194,upstairs
-1.687585,-1.448224,-0.967079,0.002444,0.156489,0.026141,0.488185,-0.169952,-0.12134,0.992497,downstairs
2.250146,-0.7708079999999999,-2.091038,3.409993,-1.388331,2.033446,2.251832,0.360142,0.558076,0.696715,downstairs
-2.33825,-1.019267,-1.175787,0.1516539999999999,-0.647637,0.30362,0.286826,-0.164423,-0.377106,0.8517239999999999,walking
0.3885429999999999,-1.349826,-0.48598,-0.73058,-0.122454,0.286077,0.116905,0.122639,0.083033,0.975685,downstairs
1.01945,-1.268152,-1.495292,5.32776,1.48556,0.8280620000000001,0.040886,-0.308551,0.253877,0.954552,walking
-2.1838900000000003,-1.11004,-0.2316079999999999,-0.684466,-0.832326,0.5361779999999999,-0.618907,-0.574004,-0.363632,0.895717,jogging
-2.150125,-1.177575,0.698918,0.460949,0.005605,0.212428,-0.0521429999999999,0.234761,-0.320628,0.92368,upstairs
0.958521,-1.085743,0.638283,2.1802650000000003,-1.406277,-0.331882,-0.6473760000000001,0.686714,0.38155,0.88465,jogging
0.191323,-1.459463,0.281996,0.584634,0.650533,-0.590689,-0.103657,-0.2316679999999999,0.021124,0.993809,walking
0.550399,-0.977018,-1.984343,0.469898,0.016344,-0.0261649999999999,0.156595,0.398708,0.29263,0.828833,walking
-0.647292,-0.320819,-0.585209,0.5361640000000001,0.195421,0.043314,-0.1269279999999999,0.112258,-0.57226,0.315344,upstairs
-2.419856,-1.200936,0.158769,1.543693,-0.255335,0.370052,-1.653417,-1.678225,-0.238827,0.932378,jogging
-2.0154959999999997,-1.474691,1.018517,0.921821,0.191755,-0.093942,-0.270929,-0.0728309999999999,-0.086585,0.995385,downstairs
1.94248,-0.666415,-1.399086,0.16374,-0.987907,0.8550180000000001,-0.659981,-0.762026,0.7323689999999999,0.618172,jogging
-2.284569,-1.152108,-1.693745,0.211601,-0.107578,-0.150315,1.476285,-0.0830809999999999,-0.307266,0.913623,jogging
-0.216964,-1.339574,2.040357,1.532581,0.832291,-0.477419,0.016222,0.1211069999999999,-0.049329,0.973387,upstairs
-1.2596459999999998,-1.3868200000000002,-0.01069,0.082552,-0.0010789999999999,-0.024077,0.001236,0.055289,-0.17415,0.983124,standing
0.569546,-1.206346,0.662564,-1.13337,0.76508,-0.259266,-0.236566,0.236078,0.1922039999999999,0.93432,walking
-2.6488400000000003,-1.318406,0.501676,-0.189788,0.2877159999999999,0.025109,-0.151286,0.095899,-0.118126,0.968318,downstairs
-0.597355,-1.3200379999999998,0.2425969999999999,-0.465451,-0.268857,0.028369,0.447428,0.134172,-0.139559,0.968725,downstairs
1.103011,-1.45455,-0.0213639999999999,-0.039785,-0.009045,0.014979,0.008763,0.076108,0.103353,0.993251,standing
-0.802886,-1.374383,-0.944096,-1.078575,1.672549,0.098145,-0.139983,0.037396,-0.140366,0.980773,downstairs
0.203569,-0.928212,0.371322,0.4628239999999999,1.227366,-0.676692,0.375857,0.154789,0.12115,0.80055,downstairs
0.875817,-1.1166459999999998,-0.025437,-0.035664,-0.004626,-0.00404,0.024583,0.0414649999999999,0.336941,0.898634,standing
-1.2463959999999998,-1.264575,5.22918,-2.365896,3.849416,-1.200442,1.769451,0.125882,-0.285719,0.95348,jogging
-1.95774,-1.073974,-0.211642,1.018242,-0.875375,-0.145733,0.43056,-0.405433,-0.441395,0.879102,upstairs
0.041147,-1.138426,-0.331544,2.206317,-1.317456,-0.208262,2.631194,-0.160067,0.017237,0.907975,jogging
-1.468223,-1.162837,0.040174,-0.042691,-0.026258,-0.016391,0.0030269999999999,0.034105,-0.3946199999999999,0.917932,standing
-0.255346,-1.375402,-2.168245,-1.615146,-1.532609,0.176077,-0.978606,0.2224699999999999,-0.049033,0.980971,jogging
0.711737,-1.073616,2.9984610000000003,-0.128607,1.497248,-0.3549739999999999,0.944876,0.159939,0.311517,0.8789309999999999,downstairs
0.081475,-0.114072,-0.001971,0.007691,0.004182,0.0162819999999999,0.010947,-0.000762,0.080856,0.113825,sitting
2.3448290000000003,-1.419679,0.05507,0.249153,0.048967,0.0211009999999999,0.0134259999999999,0.0290899999999999,0.107653,0.988603,standing
-0.648896,-1.367881,0.393716,1.032247,0.362245,-0.120067,0.3592619999999999,0.295832,-0.121769,0.979483,upstairs
0.768271,-0.098628,-0.000974,-0.014159,0.006822,0.00401,-0.003574,0.002193,0.691516,0.098469,sitting
-0.156163,-1.021507,2.572428,-0.7761020000000001,2.050616,0.143042,0.394937,0.693535,-0.081198,0.8528959999999999,downstairs
1.129397,-0.525596,-1.93915,0.159488,-1.020198,-1.461871,-1.269764,0.944138,0.782107,0.501728,jogging
-0.006956,0.066997,-0.00539,-0.000753,0.003584,-0.0031149999999999,0.010901,-0.003168,-0.00694,-0.066947,sitting
-2.670515,-0.093251,-0.006925,-0.01243,0.00821,0.010728,0.014764,0.003096,-0.451875,0.093115,sitting
-0.761416,-0.3826969999999999,1.264529,-0.17163,-0.881374,0.195025,-0.20309,0.141035,-0.640033,0.373424,upstairs
2.253009,-1.413734,0.0083,-0.024311,0.015143,-0.0069209999999999,0.009868,-0.0033619999999999,0.1214079999999999,0.987691,standing
-2.50736,-1.314319,1.089947,-0.310348,-0.416426,0.223796,0.242244,0.331859,-0.150233,0.96729,jogging
-0.159572,-1.034425,1.812305,-0.799366,0.549905,-0.092264,-0.092204,-0.281,-0.081198,0.859569,walking
0.292299,-1.316753,0.2403719999999999,-1.108908,2.278379,0.260209,0.261817,0.306419,0.072417,0.967904,downstairs
1.447316,-1.488777,0.008392,0.026113,-0.000682,0.025501,0.008199,0.031511,0.080914,0.996638,standing
3.09622,-1.517706,4.3604080000000005,-0.69252,-0.1993609999999999,-0.037014,0.528066,0.683301,0.002392,0.998591,walking
-2.5689490000000004,-0.221585,0.043866,0.001227,-0.044118,0.0277529999999999,-0.0625039999999999,0.032143,-0.528608,0.219776,sitting
-1.105787,-1.195573,-2.169076,-0.153168,-2.478969,0.669144,1.312204,-0.143736,-0.327561,0.930426,walking
-0.05529,-1.3970280000000002,-0.0102329999999999,0.135756,-0.070282,-0.023481,0.004913,-0.025795,-0.009554,0.98494,standing
-2.516604,-1.403172,0.228683,0.130577,0.066427,0.061772,0.0039,0.049428,-0.0976,0.985984,standing
0.40645,-0.236892,-0.003926,-0.001315,-0.005811,0.0055829999999999,0.01782,-0.0003109999999999,0.38431,0.234682,sitting
0.569803,-0.677561,-0.001562,0.013807,-0.0004799999999999,-0.007367,0.0236949999999999,0.002554,0.4203,0.626894,sitting
1.099243,-1.096557,-0.045709,-0.094335,0.008374,-0.019425,0.034523,0.133826,0.406617,0.88964,standing
0.582575,-0.327658,-0.000541,0.11728,-0.036966,0.009581,0.009015,-0.002515,0.5209060000000001,0.321826,sitting
1.841457,-1.1585450000000002,0.228284,0.951072,-0.401158,0.149851,0.158013,-0.159707,0.386022,0.916221,downstairs
1.050691,-1.181681,-0.040723,-0.216848,-0.03105,-0.038993,0.032687,0.089425,0.328955,0.925245,standing
2.595764,-1.237922,-1.832367,0.3925949999999999,-0.398931,-0.351979,0.132667,-0.0076459999999999,0.169622,0.945107,downstairs
1.807471,-0.7072039999999999,0.297876,2.465984,-0.831625,0.8891540000000001,1.157159,-0.341952,0.7389899999999999,0.6497109999999999,downstairs
-2.767707,-1.256202,1.257188,-0.587019,0.053123,-0.131127,0.137259,-0.134324,-0.112998,0.950922,downstairs
0.011472,-1.306886,4.084068,0.043903,1.544375,0.002348,0.106797,-0.74443,0.002992,0.965377,upstairs
2.874499,-1.10326,-1.15266,0.142189,-0.472227,0.351836,-1.332257,-0.9468,0.118943,0.892682,jogging
1.318982,-0.686142,0.957032,0.230403,-1.39305,-0.459838,-0.78764,0.329201,0.749282,0.6335569999999999,walking
0.7076939999999999,-0.8649129999999999,1.729573,-0.7343350000000001,0.752747,-0.093593,0.0888299999999999,0.442669,0.421703,0.761039,walking
1.804031,-1.4181469999999998,-1.356198,1.980138,-0.081855,-0.185901,-0.051192,0.061769,0.147922,0.988372,upstairs
-3.08987,-1.307064,2.5294380000000003,-2.106041,1.792202,-0.3815909999999999,-0.359879,-0.350725,-0.013475,0.965424,jogging
1.630313,-1.289756,-0.95565,1.370862,-0.073625,-0.152631,-0.171781,-0.071638,0.276792,0.960767,walking
0.5957640000000001,-1.147401,2.780363,-4.880141,3.415918,0.930162,0.976683,0.262507,0.230544,0.911699,jogging
-1.764411,-1.17813,0.225832,-0.949738,-0.005236,-0.00073,0.025037,-0.029507,-0.375475,0.923892,walking
1.027296,-0.979351,1.409356,0.1010679999999999,-0.5457420000000001,0.4293979999999999,2.586566,-0.187978,0.477203,0.8301360000000001,walking
-0.600741,-1.454684,0.064883,-0.19732,0.009888,-0.069414,-0.032192,-0.0254819999999999,-0.065474,0.993266,standing
0.5276430000000001,-0.81781,1.297091,-1.367573,0.141413,-0.17876,-0.304143,0.100325,0.344303,0.72965,upstairs
0.292079,-1.443945,0.991119,3.254754,0.843097,0.3276159999999999,0.499108,0.031706,0.0364279999999999,0.991965,downstairs
0.354126,-1.16655,0.460275,0.041887,-0.022698,0.411153,0.175327,-0.506387,0.136393,0.919399,upstairs
1.6723830000000002,-0.104716,3.303242,-2.785229,1.981064,0.50968,-0.3966699999999999,-0.38322,0.989389,0.104525,jogging
-1.286632,-1.493097,-0.213733,-0.191298,0.1216839999999999,-0.1033819999999999,0.18095,0.0435,-0.07449,0.996983,standing
-0.495512,-0.796164,2.074081,-0.076374,0.0605299999999999,0.136944,0.187528,0.265837,-0.332577,0.7146779999999999,upstairs
-1.269615,-1.265244,-0.153995,0.160371,-1.1391440000000002,0.8603360000000001,-0.583335,-0.61665,-0.287277,0.953681,jogging
1.902498,-1.481847,1.108592,-1.022951,0.767543,0.2251679999999999,0.045854,0.1773559999999999,0.083898,0.996047,walking
-2.785185,-1.401047,0.029307,-0.060536,0.000572,-0.027955,0.017608,0.000441,-0.0589289999999999,0.985627,standing
-0.619769,-0.990152,-4.0513449999999995,-0.0138979999999999,1.034168,-0.074865,-2.172184,1.266007,-0.318629,0.836109,jogging
2.553615,-1.532761,-2.20588,-2.196123,-0.138874,-0.040046,0.044974,-0.17989,0.021079,0.999277,jogging
-1.140525,-1.47706,2.282109,-3.3396559999999997,1.521577,0.004148,-0.791325,0.4701109999999999,-0.085019,0.99561,jogging
-0.471192,-1.123787,1.144393,-3.2778199999999997,-0.7136520000000001,0.493249,-1.867778,1.248127,-0.196221,0.901744,jogging
-2.2717650000000003,-1.259177,0.360263,-2.149556,-0.303647,0.3957429999999999,-1.046656,-0.35578,-0.2342739999999999,0.951838,walking
0.581909,-1.04037,-0.564822,0.222236,0.134562,0.146082,-0.123227,0.005688,0.278051,0.862591,downstairs
0.985064,-1.1902780000000002,0.539921,1.04545,0.111021,0.070789,-0.033239,0.262763,0.3094909999999999,0.928472,upstairs
-1.534771,-1.326817,-0.309746,-0.560397,0.739499,0.232309,-0.604906,0.087509,-0.241326,0.970384,jogging
0.5353180000000001,-0.231633,0.0079849999999999,0.000495,-0.003377,-0.005691,0.016985,-0.004327,0.49649,0.229567,sitting
0.449032,-1.3514700000000002,-0.786207,-1.015258,-0.510554,0.667216,-0.1728829999999999,0.735316,0.094442,0.976044,downstairs
1.5109290000000002,-1.483034,-1.059609,0.748112,-0.6270439999999999,0.034851,-0.374752,0.054611,0.087311,0.996151,upstairs
-0.870125,-1.229407,-4.407047,-9.324446,-0.538466,1.947297,2.103929,-0.694865,-0.2559059999999999,0.94229,jogging
-2.005573,-0.544892,-0.650417,-1.509553,-2.232377,0.102691,0.223556,-0.2497889999999999,-0.7756029999999999,0.5183260000000001,upstairs
-2.324252,-1.217923,0.064913,0.021844,0.0556529999999999,-0.006918,0.006258,0.035666,-0.252054,0.938383,standing
-0.57986,-0.649353,-1.731999,0.81931,0.4997479999999999,-0.010689,-0.3149369999999999,-0.010004,-0.436393,0.604671,upstairs
0.041366,-0.763516,0.2329159999999999,-0.955189,-0.511405,-0.1364109999999999,-0.322966,0.192906,0.029875,0.691466,upstairs
-2.521531,-1.303254,4.618380999999999,-3.339142,0.2757159999999999,-0.127051,0.390007,0.185366,-0.153604,0.964424,downstairs
-2.3644540000000003,-0.382009,0.005863,0.000361,0.002881,-0.000947,-0.003599,-0.0024,-0.650695,0.372786,sitting
0.7644890000000001,-1.257943,2.294899,-2.034709,0.179263,-0.026141,-0.273694,-0.015952,0.213031,0.951459,downstairs
1.6749150000000002,-1.035614,-0.5359109999999999,0.51079,-0.8220290000000001,0.092313,-0.387748,-0.283092,0.507235,0.860176,jogging
1.398468,-0.657871,-0.105447,-0.031481,-0.749672,-0.539253,-0.711821,0.017202,0.779564,0.611434,upstairs
-1.685833,-0.679118,0.817237,0.087844,3.196337,0.7216229999999999,-0.555689,0.1769349999999999,-0.772984,0.628107,jogging
2.1637169999999997,-0.8962549999999999,-1.5237120000000002,-0.149134,-0.8168529999999999,0.118164,-0.0732299999999999,-0.100992,0.517929,0.780993,downstairs
-2.641852,-1.19672,0.063934,-0.964806,-0.445325,1.101752,-1.0434709999999998,-1.218651,-0.175101,0.930845,jogging
-0.474916,-1.135798,-0.916272,-0.0451639999999999,0.684797,-0.295805,0.271001,0.140401,-0.192689,0.906871,downstairs
-2.576694,-0.206013,0.008839,0.003175,-0.006284,0.008797,-0.053162,0.010269,-0.5240100000000001,0.204559,sitting
0.4297859999999999,-0.383807,-0.002904,-0.010012,-0.000118,0.009437,0.004987,-0.010674,0.386361,0.374453,sitting
0.1366109999999999,-1.215064,-0.621458,-0.119631,0.322025,-0.334326,-0.347029,0.093184,0.04743,0.937392,downstairs
-0.276381,-1.08069,-2.6073630000000003,2.407281,-0.2305829999999999,-0.158436,-0.475438,0.833046,-0.128444,0.882283,walking
-2.90551,-1.005653,1.810981,1.0423360000000002,0.76003,0.264098,0.212678,-0.2584079999999999,-0.1252589999999999,0.844512,upstairs
0.018791,-1.032784,-0.8348620000000001,1.478573,0.272961,-0.396362,0.056188,0.49885,0.009628,0.8587290000000001,walking
1.872228,-1.329276,-0.95642,1.6694,-1.272628,-0.0850929999999999,0.085253,-0.113803,0.228373,0.970975,upstairs
-3.049962,-1.499275,0.161735,0.177485,-0.6445069999999999,0.180448,-1.2889469999999998,0.259447,-0.006528,0.997443,jogging
0.347651,-0.362205,-0.0059,0.005777,0.012254,0.0006129999999999,0.0067469999999999,-0.000906,0.318586,0.354337,sitting
2.70272,-1.474619,2.220954,-0.261022,3.25218,-0.063521,-0.545122,0.14732,0.040785,0.995379,upstairs
-0.976725,-1.057488,0.8951120000000001,3.4878199999999997,0.370106,1.108115,-0.567917,-0.100622,-0.406928,0.871125,upstairs
-2.664489,-0.096397,0.001053,0.023899,0.001987,0.002914,0.00031,-0.005558,-0.457076,0.096248,sitting
3.018856,-1.164898,-2.609074,0.779331,0.210157,0.465872,-0.6676340000000001,-0.731406,0.0483339999999999,0.918748,jogging
0.072022,-0.102033,0.051008,-0.047293,0.000156,0.006295,0.009929,-0.0189949999999999,0.071585,0.1018559999999999,sitting
-0.0975159999999999,-1.328423,2.834717,-1.343316,1.590738,0.011537,-0.2190929999999999,0.547975,-0.023363,0.970771,walking
-1.746393,-0.433866,-3.676131,1.522529,-2.561998,-1.761168,-0.324725,1.394882,-0.893388,0.420382,jogging
-2.581523,-1.448449,2.212192,0.0968909999999999,0.74767,0.101893,-0.181215,-0.280452,-0.06483,0.992525,walking
-1.468708,-1.304922,-0.062309,1.284316,1.357466,-0.43759,-0.630329,0.208143,-0.261385,0.964863,upstairs
1.955833,-1.206174,-0.670679,0.014056,-0.517092,0.296038,-0.0075159999999999,-0.175042,0.330488,0.934259,upstairs
0.849167,-1.25674,-0.954733,-0.358484,-1.523637,-0.946203,-0.743187,0.664029,0.231908,0.951088,jogging
1.523571,-1.336885,-3.154982,1.620883,-0.258732,1.229839,-0.565769,-0.475325,0.231526,0.972767,jogging
-2.4166369999999997,-0.582074,-0.043688,-0.0280029999999999,-0.013133,0.024089,-0.091994,0.087001,-0.553905,0.5497569999999999,sitting
1.293449,-1.488576,1.254935,-1.571077,1.504978,0.066028,-0.092935,0.283317,0.0789769999999999,0.996622,walking
-2.505182,-0.502893,-0.073779,-0.103502,-0.026079,0.025471,-0.095869,0.089504,-0.520726,0.481962,sitting
-2.357493,-1.312964,-2.218258,2.258693,-2.039601,-0.046327,0.04456,0.0851809999999999,-0.180067,0.966945,upstairs
-2.9237,-0.135661,0.000899,-0.000657,-0.001656,-0.002855,-0.013861,2.7e-05,-0.214186,0.135245,sitting
-0.645336,-0.5235989999999999,-1.504907,-0.077169,0.8253360000000001,-0.220878,0.529357,0.254819,-0.520882,0.5,upstairs
-0.005487,0.064637,0.004278,-0.006384,-0.000556,-0.0027949999999999,0.012514,-0.0040869999999999,-0.005476,-0.064592,sitting
0.928656,-1.328159,-0.4287899999999999,0.23392,0.026535,-0.197444,-0.448201,-0.151645,0.192394,0.970708,downstairs
0.883014,-1.350065,0.065728,-0.150875,0.021231,0.029979,0.002335,0.008522,0.1687519999999999,0.975738,standing
-2.390133,-1.151325,-0.37561,-2.2832619999999997,0.308839,-0.123365,1.68426,0.4111649999999999,-0.278033,0.913304,walking
2.71884,-1.335448,-0.307642,0.333978,-0.942215,0.3009429999999999,0.064173,-0.13046,0.095664,0.972433,downstairs
-0.955585,-1.17452,0.438485,0.761896,-1.083298,-0.0463649999999999,0.4578819999999999,-0.469452,-0.315192,0.922505,walking
-2.186024,-1.496152,0.01349,-0.088198,-0.0307579999999999,0.0107879999999999,-0.001778,-0.003884,-0.060897,0.997215,standing
2.804783,-1.439057,0.0053939999999999,-0.005078,0.006022,-0.003311,0.010725,-0.039978,0.043411,0.991335,standing
-0.908952,-1.408696,-0.012759,-0.004888,-0.012908,0.036563,4.8e-05,-0.111664,-0.1272309999999999,0.98689,standing
-0.736161,-0.950294,0.876898,0.016005,-1.092701,-0.056103,-0.162097,0.269294,-0.390399,0.813587,upstairs
0.376354,-1.046924,-2.208856,0.387693,0.215754,-0.1752,1.412386,-0.6112850000000001,0.183852,0.8658889999999999,upstairs
-2.559589,-0.44583,-0.002274,-0.004377,-0.0020399999999999,0.045831,-0.084313,0.064302,-0.4959659999999999,0.4312069999999999,sitting
3.04715,1.46302,0.001501,-0.035737,0.000603,0.0092959999999999,-0.004704,-0.032928,0.010144,-0.994198,standing
-2.429272,-0.6200439999999999,-0.0132919999999999,-0.066742,0.033243,0.03417,-0.103547,0.104131,-0.531927,0.581071,sitting
0.081312,-0.112533,-0.000698,-0.003278,0.000964,0.017375,0.016489,-0.001384,0.080708,0.112296,sitting
0.187382,-0.4802369999999999,0.022272,-0.040615,0.000122,-0.0123069999999999,0.015778,0.0031969999999999,0.165215,0.4619899999999999,sitting
0.132642,-1.320849,2.266191,-3.167648,0.56598,0.092488,-0.358116,0.5804229999999999,0.03271,0.968926,walking
0.561067,-1.309723,0.680128,-1.928723,-0.347902,0.518547,0.062115,0.438072,0.137322,0.966113,downstairs
-2.240259,-1.483276,0.0042049999999999,-0.141924,0.016744,-0.012449,-0.003832,0.031823,-0.068514,0.996172,standing
-0.5351640000000001,-1.298415,-2.676303,-0.947112,0.882798,0.209006,0.179338,-0.250324,-0.137198,0.963133,downstairs
0.952461,-1.32662,-1.037504,-0.584486,-0.8300290000000001,-0.282931,-0.895065,0.388024,0.196978,0.970337,downstairs
-1.793854,0.083711,2.9032720000000003,-0.293116,-0.429368,0.556362,-0.0262959999999999,-0.210135,-0.971797,-0.0836129999999999,downstairs
-1.252034,-1.49065,0.014146,-0.041333,-0.005816,-0.010169,0.002005,0.023967,-0.0759519999999999,0.99679,standing
0.033431,-1.236048,4.01221,4.346635,-0.6849970000000001,-0.91163,-0.185002,1.853395,0.01098,0.944493,jogging
0.326423,-0.895819,1.216271,0.699729,0.299621,-0.4816979999999999,0.450862,0.102594,0.200372,0.780721,downstairs
-2.702741,-0.459201,-0.0681799999999999,-0.033332,-0.046481,-4e-05,-0.0172669999999999,0.004584,-0.38088,0.4432319999999999,sitting
1.580406,-1.445538,0.7687930000000001,0.5186390000000001,0.429516,-0.176619,-0.42318,0.078435,0.1249069999999999,0.992165,upstairs
-0.642745,-1.185933,0.5223439999999999,-0.233853,-0.307723,0.0207849999999999,-0.31131,0.001982,-0.2250239999999999,0.92685,upstairs
1.095741,-0.296283,0.005903,0.015184,0.004815,-0.0017809999999999,0.001399,-0.013958,0.85052,0.291967,sitting
-1.375071,-0.4417439999999999,0.652507,-1.238541,0.578574,0.126126,-0.1985589999999999,0.166822,-0.8867459999999999,0.427517,jogging
-0.015325,-0.973111,-0.018287,0.00998,-0.004713,0.031283,0.02512,0.018441,-0.008623,0.826641,sitting
2.601367,-1.347102,-0.631313,-0.473613,0.6859460000000001,-0.211851,-0.8204819999999999,-0.874189,0.114087,0.975085,jogging
-2.6182060000000003,-1.325268,1.107802,0.1497079999999999,0.354492,0.408551,-1.396217,0.057114,-0.1214869999999999,0.970009,jogging
-2.852489,-1.17757,-0.735773,4.706076,0.597309,0.207703,0.125364,0.029923,-0.109238,0.923678,upstairs
-2.006902,-0.8502770000000001,1.452603,0.370131,2.886389,1.944687,-1.806883,-0.6838029999999999,-0.598022,0.751463,jogging
-0.234329,-0.022499,0.012535,0.000653,-0.003559,0.017807,0.0318699999999999,-0.005725,-0.232132,0.022497,sitting
1.417927,-1.432243,-0.452883,0.6473869999999999,-0.510899,0.001486,-0.159622,-0.0476339999999999,0.136499,0.990417,upstairs
-0.727517,-1.321358,-2.420791,1.142925,-2.899044,-0.158058,0.067997,0.4731899999999999,-0.164161,0.969051,walking
0.217954,-1.264378,-1.65,0.8770190000000001,-1.109936,0.460595,0.79893,-0.006207,0.065223,0.95342,jogging
0.322669,-0.33673,0.058449,-0.00062,-0.005589,0.011119,-0.025089,-0.01443,0.299291,0.330402,sitting
-0.048143,-1.330233,0.750185,-0.027138,-0.252532,-0.257793,0.103869,0.524469,-0.011464,0.971204,walking
0.639881,-1.420896,-0.097571,-0.157306,-0.706542,-0.020437,0.017653,0.031456,0.089132,0.988786,upstairs
0.073679,-0.354982,4.598433,-3.744486,0.097916,-0.215035,-0.139199,1.38564,0.069023,0.347573,upstairs
1.28435,-1.296651,-0.900308,1.31481,-1.29414,0.359634,0.20783,0.1322569999999999,0.259675,0.962657,upstairs
-0.643951,-1.369607,0.612632,0.523031,0.058088,-0.454921,-0.246218,-0.3608099999999999,-0.1199539999999999,0.97983,downstairs
0.026973,0.001139,0.000576,-0.000489,0.001305,0.002358,0.010676,-0.005324,0.0269699999999999,-0.001139,sitting
0.835145,-1.188872,-1.507698,1.7186009999999998,-0.8293709999999999,-0.081849,-0.171846,0.315954,0.276323,0.927949,walking
-1.159843,-1.180539,-1.822579,0.347937,-0.4898619999999999,-0.200827,0.281854,-0.140508,-0.348749,0.924811,jogging
0.679591,-1.361465,-0.339919,0.287883,-0.22061,0.316673,0.015025,0.086062,0.130577,0.97817,upstairs
-2.394134,-1.22049,-0.107123,0.613334,-0.4473899999999999,0.518227,-1.285321,-0.432827,-0.2332389999999999,0.939268,jogging
-2.490544,-0.5060899999999999,-0.065598,-0.094224,-0.016845,0.048882,-0.113103,0.093999,-0.530053,0.4847609999999999,sitting
-2.297412,-1.428053,2.873217,-1.481517,0.224733,-0.399072,-0.681922,-0.360379,-0.1063289999999999,0.989829,jogging
-0.490069,-1.065191,-0.969513,0.32395,-0.165377,0.035252,-0.337879,0.272162,-0.2279699999999999,0.8748819999999999,downstairs
-2.222106,-1.252277,1.785569,1.240302,0.6537689999999999,-0.066786,0.171485,-0.297586,-0.2490099999999999,0.9497,walking
0.610425,-1.005107,2.520943,0.257305,1.305417,-0.213308,0.854526,0.261569,0.307241,0.8442200000000001,downstairs
-1.875108,-1.30641,-1.445698,-0.334387,-0.04968,0.740356,-1.795148,0.0142639999999999,-0.249298,0.965253,jogging
0.937934,-1.266307,-0.160266,-0.385607,1.370617,0.865562,-0.2201139999999999,0.151743,0.241738,0.954,jogging
1.601827,-1.50873,0.021224,-0.019082,0.0186789999999999,0.004287,0.004428,-0.003374,0.061997,0.998075,standing
0.637467,-1.112703,-0.544984,0.6180939999999999,-1.19207,-0.169477,1.297301,0.033401,0.2631969999999999,0.8968969999999999,upstairs
-0.949473,-0.92276,3.244654,-0.582278,-0.32441,-0.130432,-0.2780289999999999,0.130496,-0.490799,0.79727,upstairs
0.720643,-1.0283950000000002,-1.4937,0.427263,-0.859801,-0.236334,-0.38586,-0.019147,0.340613,0.8564709999999999,upstairs
2.0662119999999997,-1.22908,0.7413270000000001,-0.521098,1.6911,0.187215,0.1562839999999999,-0.061863,0.29481,0.942181,upstairs
0.862742,-1.207717,-0.435457,-0.898539,-0.485993,0.617136,0.4125439999999999,0.174852,0.269781,0.934808,downstairs
2.045379,-1.41646,-0.552104,0.618476,-0.6184109999999999,0.004903,-0.098801,-0.166579,0.136653,0.988114,upstairs
-2.893543,-1.424402,-1.5259280000000002,2.266823,0.464819,0.443025,-0.597961,-0.4504439999999999,-0.035814,0.989303,jogging
2.371607,0.009943,-0.006645,0.01621,-0.00607,-0.006346,0.005411,-0.001132,0.6960890000000001,-0.009943,sitting
1.388653,-1.350743,0.109013,0.716398,0.233562,-0.075465,-0.30015,0.1146549999999999,0.214655,0.975886,upstairs
2.259802,-1.184711,0.748235,1.53198,-1.033613,0.348757,0.462068,-0.3780989999999999,0.290648,0.92639,downstairs
-1.014441,-1.363013,0.137242,-0.407674,0.037882,0.037786,-0.015432,-0.025027,-0.1751609999999999,0.978491,downstairs
-2.707348,-1.129167,-2.460778,-0.838041,0.351165,0.287119,1.127575,-0.094263,-0.17982,0.904056,walking
-0.408623,-1.103126,-1.717496,0.121327,-0.343231,0.051055,-0.74516,0.413818,-0.179122,0.8926209999999999,downstairs
0.905397,-1.244974,-0.404851,0.693142,-0.0154569999999999,0.005908,-0.242279,-0.092408,0.251767,0.947388,upstairs
0.924727,-0.922199,0.997528,-2.485262,1.005917,0.092575,0.060749,0.134458,0.4823149999999999,0.796932,upstairs
-0.686733,-1.460785,3e-06,-0.071026,0.026179,0.007598,-0.001661,0.063729,-0.06935,0.993955,standing
0.131412,-0.182505,0.000154,-0.000354,-0.001218,0.025775,0.019099,0.000166,0.128857,0.181493,sitting
2.824161,-1.529067,1.6968919999999998,-0.1602579999999999,-0.456942,0.418412,0.232423,0.612872,0.012878,0.999129,walking
0.1879289999999999,-1.2172040000000002,-2.620126,0.4396,-0.941826,-0.328667,0.095511,-0.260346,0.06469,0.938135,walking
-3.088553,-1.058573,-1.31061,-0.576896,0.746456,0.655301,0.222581,-1.164872,-0.025983,0.871657,jogging
0.610119,-1.173226,-0.948565,0.559805,-0.614595,-0.2415,-0.248405,0.190924,0.221832,0.922005,walking
1.69573,-1.476758,-0.268517,-0.072232,-0.267763,-0.077373,0.596002,-0.036229,0.092982,0.995582,upstairs
-2.040718,-1.174931,-2.991148,-0.8695709999999999,-0.318233,0.510297,-0.082881,0.324704,-0.343808,0.922663,downstairs
-2.616754,-1.1280059999999998,-0.328052,1.158441,0.8975209999999999,-0.022643,1.82813,-4.646068,-0.214677,0.90356,jogging
-0.201461,-0.0173639999999999,-0.00216,0.008697,-0.001547,-0.000139,0.017961,-0.004213,-0.200071,0.0173639999999999,sitting
0.496399,-0.436096,-0.002126,-0.00268,0.000204,-6.2e-05,0.003423,-0.00646,0.431688,0.422404,sitting
-1.54954,-1.135799,-0.8439690000000001,-0.947478,-0.174532,0.257481,0.056767,-0.001114,-0.421299,0.906871,downstairs
0.572188,-1.094557,-1.628967,0.9005799999999999,0.433799,0.34691,0.3161239999999999,-0.296076,0.248229,0.888725,upstairs
1.848594,-1.506685,1.121276,0.027167,0.326132,-0.267486,0.616953,-0.282448,0.061614,0.997946,upstairs
-2.8118830000000004,-1.335734,-0.091223,0.163402,0.023721,0.008798,-0.014019,0.032213,-0.0753409999999999,0.9725,standing
-0.692365,-1.029737,-3.5508260000000003,1.28327,-0.211242,-0.149949,0.306853,0.281348,-0.32878,0.8571639999999999,upstairs
1.862806,-1.450379,0.442084,-3.025264,-0.485696,-0.058272,0.114145,-0.713394,0.114974,0.992759,downstairs
0.756314,-0.096214,-0.003437,0.004495,0.001381,-0.003246,0.005207,-0.00747,0.683071,0.096066,sitting
0.301892,-1.057866,-0.196316,1.4600959999999998,-0.153869,0.367353,-0.072345,-0.441438,0.1459069999999999,0.87131,upstairs
0.074012,-1.108216,-2.324319,0.73032,-0.844304,-0.5079739999999999,-1.467658,1.009211,0.032998,0.894904,jogging
0.351669,-1.281399,-1.41862,0.398038,-1.071632,-0.337283,-0.24168,-0.042903,0.0983,0.958416,upstairs
-0.7296560000000001,-1.422728,-0.903411,0.657701,0.650575,0.094649,-0.179259,0.045722,-0.098311,0.989058,upstairs
-2.275157,-1.353633,0.026813,0.08555,0.011367,0.024314,0.00504,0.000178,-0.164145,0.976513,standing
-1.412497,-1.169992,0.001999,-0.007245,-0.0067459999999999,-0.041694,-0.007661,0.0794909999999999,-0.385262,0.920747,standing
0.364986,-1.2590290000000002,0.0313019999999999,0.254086,0.8989149999999999,-0.5444,-1.199123,0.57982,0.1094789999999999,0.951793,jogging
2.788909,-1.478612,-0.839825,1.095437,-0.012875,0.080108,0.032475,-0.173943,0.031769,0.995754,upstairs
-2.475379,-0.170341,-0.010388,0.007465,0.003191,0.004745,-0.008919,0.001181,-0.609069,0.169518,sitting
-2.720643,-1.334172,-0.255292,1.201871,-0.299877,0.404317,0.267428,-0.2415449999999999,-0.095784,0.972135,walking
-2.669082,-0.096381,-0.015531,0.004312,0.010369,0.00248,0.0059409999999999,-0.000752,-0.4530109999999999,0.096232,sitting
-2.9628490000000003,-1.20184,0.155028,0.6454340000000001,-0.267887,0.4216109999999999,0.352406,-0.704331,-0.064113,0.932704,walking
0.6566890000000001,-1.309357,0.011888,0.099241,-0.022784,0.005419,0.005554,0.037731,0.157698,0.966019,standing
-0.074649,-1.530906,-0.064252,-0.111769,0.038577,0.011411,-0.004896,0.03893,-0.002897,0.999204,standing
-1.25665,-1.481357,0.015011,0.045218,-0.0005809999999999,-0.029387,0.001952,0.026616,-0.084642,0.996003,standing
-2.532726,-1.403367,0.09187,0.152652,-0.146542,-0.1029359999999999,-0.009805,-0.011976,-0.095291,0.986016,standing
-2.955602,-1.204312,-0.794309,2.162447,-0.733304,0.484029,0.197984,-0.337008,-0.066258,0.933593,upstairs
-0.58048,-0.871343,-1.78125,-0.362191,1.848008,0.034456,-0.354351,-0.289644,-0.353075,0.7651939999999999,downstairs
1.09783,-0.295219,-0.0101129999999999,0.010454,-0.005099,-0.003168,0.003057,-0.0065299999999999,0.851709,0.2909489999999999,sitting
1.449073,-1.260912,0.027168,0.083116,0.010346,-0.036596,0.018334,0.056426,0.302603,0.952369,standing
-0.934362,-1.215065,2.3815419999999996,-4.275884,0.815951,0.1246869999999999,0.01114,0.443893,-0.280082,0.937392,downstairs
-0.622587,-1.399138,-2.235346,-0.383443,2.328321,-0.060336,-0.07562,-0.0376899999999999,-0.099607,0.985303,downstairs
-2.425154,-1.3421809999999998,-3.003631,4.273438,-0.79909,0.19921,-1.311551,-0.076305,-0.1488259999999999,0.973981,jogging
0.977165,-0.943125,-2.573701,2.03282,-0.913133,0.37095,1.660772,0.330214,0.486777,0.809397,upstairs
0.734574,-1.403721,-0.964664,0.048533,-0.815573,-0.125076,0.237817,0.016401,0.11145,0.986075,downstairs
1.599368,-1.031321,-3.975646,-4.4412720000000006,-0.552233,0.338537,0.4910819999999999,-0.114223,0.513468,0.857978,jogging
0.493789,-0.438018,0.002322,-0.002744,-0.004018,0.009516,0.002475,-0.00477,0.42922,0.424146,sitting
-1.411217,-1.422818,-0.006473,0.033985,0.0084739999999999,-0.003204,0.006107,-0.002322,-0.145508,0.989071,standing
-0.448745,-1.41035,-0.833519,-0.03137,0.508885,-0.193153,-0.165043,0.112745,-0.069298,0.987156,downstairs
0.437671,0.014227,0.011934,0.012359,-0.012797,0.002665,0.0079099999999999,-0.001379,0.423788,-0.014227,sitting
-2.7441259999999996,-1.028578,-2.2801419999999997,2.019963,-2.7460299999999997,-1.5635709999999998,0.993989,-0.338099,-0.19975,0.8565659999999999,walking
1.290461,-0.562448,-1.981723,-0.449001,0.098147,-0.455528,0.052572,0.2097619999999999,0.812919,0.533259,walking
1.561324,-1.272436,-0.509864,0.293294,-0.632128,0.133213,0.412802,-0.217049,0.293911,0.95582,upstairs
-0.26316,-0.049049,0.002341,-0.029664,-0.0368589999999999,0.01333,0.032346,-0.015813,-0.25982,0.049029,sitting
0.131113,-1.2194459999999998,1.622482,-1.964239,0.0752289999999999,0.041416,0.357646,-1.437466,0.044995,0.938909,jogging
0.43275,-1.057182,-2.10067,2.4325240000000004,0.430717,-0.1040859999999999,-0.332904,-0.256027,0.2060449999999999,0.870975,walking
0.765274,-0.093585,-0.001188,0.002317,-0.001159,7e-05,0.002987,-0.004956,0.689704,0.093449,sitting
-2.287698,-1.478249,-0.85388,-0.025623,-0.0725659999999999,0.0875259999999999,0.332694,-0.154589,-0.069521,0.995721,upstairs
0.516166,-0.991391,-0.515256,-0.303911,-0.107178,0.1463809999999999,0.259846,-0.022893,0.27023,0.8367879999999999,upstairs
-0.307893,-1.285881,-0.247246,-0.708492,0.004705,0.033353,0.366456,-0.408715,-0.085157,0.959686,walking
-1.755813,-1.500938,0.05122,-0.455906,-0.020175,-0.044939,0.004026,0.021855,-0.0685409999999999,0.997561,standing
-2.7224779999999997,-1.190373,-1.098296,3.935558,-0.890891,0.6852689999999999,-0.3947699999999999,-0.134399,-0.151105,0.928508,jogging
1.7085560000000002,-1.189332,0.289716,-0.557437,0.5278689999999999,-0.184724,0.283565,-0.060537,0.368745,0.928121,upstairs
1.872818,-0.628034,1.038965,-4.482707,1.21498,-1.009293,-0.543656,-0.006866,0.7725529999999999,0.587555,downstairs
2.0136700000000003,-1.057232,0.114518,0.011433,0.0761179999999999,-0.026208,-0.011426,0.101297,0.443689,0.870999,standing
0.39973,-0.286492,-0.000769,-0.0009,-0.003418,-0.005907,0.016849,-0.001741,0.373308,0.282589,sitting
-1.4701030000000002,-0.959679,-2.990733,-1.097134,-7.750267,-2.167039,2.2229240000000003,0.956498,-0.570876,0.819008,jogging
0.131298,-0.181174,0.000187,0.005202,-0.0017989999999999,0.024176,0.0218569999999999,0.005287,0.128778,0.1801849999999999,sitting
0.228622,-1.393986,-0.048874,0.030676,-0.355032,0.534859,0.2233389999999999,0.007339,0.039848,0.98441,walking
-2.188095,-1.359702,-1.537285,-1.774949,-0.95913,0.354215,0.245876,-0.461792,-0.17085,0.977802,upstairs
-0.487361,-1.279891,3.162058,-1.958815,0.761459,0.158648,0.395989,0.260005,-0.1343099999999999,0.957985,walking
-0.1580619999999999,-1.07605,0.8602299999999999,-0.4854229999999999,0.178384,-0.214448,0.36486,-0.035052,-0.074736,0.8800889999999999,downstairs
1.75577,-1.465904,-0.045254,0.519021,0.021447,-0.009691,-0.001202,0.005388,0.102907,0.994504,standing
2.073014,-1.403912,-0.012659,-0.02264,0.00065,0.024148,0.009346,-0.02632,0.14556,0.986107,standing
0.279997,-1.453472,-2.835732,2.602912,0.782801,-0.183269,0.017937,-0.839521,0.032329,0.993125,jogging
-0.940268,-1.410598,0.017797,-0.005598,-0.011988,0.025715,-0.001188,-0.103656,-0.128727,0.987196,standing
-0.142538,-1.466619,-0.022284,-0.023445,0.002435,-0.004533,0.003575,0.02743,-0.0147389999999999,0.994578,standing
-2.904209,-0.150387,-7.2e-05,0.009147,0.001939,-0.0067569999999999,-0.013621,-0.00903,-0.232501,0.149821,sitting
0.109286,-0.1249869999999999,0.00385,-0.003179,0.019599,0.007765,0.004778,-0.002993,0.108217,0.124662,sitting
1.440361,-1.330648,-3.299289,-0.926132,-0.796719,-0.227064,-0.921193,-0.105251,0.235807,0.971303,jogging
-1.8253669999999995,-1.271417,-0.001318,-0.000772,-0.003258,-0.003258,0.001847,0.022868,-0.285179,0.95552,standing
0.413541,-0.398871,0.007295,-0.001743,-0.0019649999999999,0.007819,0.003498,-0.008596,0.370309,0.388378,sitting
1.6791009999999995,-1.189474,-2.336514,-0.5080319999999999,0.257778,-0.099977,0.421299,-0.229283,0.369967,0.928173,downstairs
0.014643,-1.400941,-1.47654,1.563093,-0.162417,0.03613,-0.033736,0.078688,0.002475,0.985609,downstairs
-1.310602,-1.405051,-2.1847209999999997,1.583556,1.226714,-0.574562,-2.086348,0.238384,-0.159431,0.986296,jogging
-1.036596,-1.442954,0.451089,-0.50122,0.6340140000000001,-0.196056,0.358564,0.458438,-0.10973,0.991839,downstairs
0.495663,-0.446452,4.8e-05,0.001761,0.008135,-0.01495,-0.003271,-0.022408,0.428997,0.431768,sitting
-0.091032,-1.267369,2.779623,-0.633004,1.977162,-0.175588,-0.069507,0.637575,-0.027156,0.954318,walking
-1.411438,-1.423665,0.008071,-0.011558,-0.00241,0.00231,0.010255,-0.002456,-0.144689,0.989196,standing
-2.872459,-1.108202,-1.509483,-0.5069229999999999,-0.978943,-0.040382,0.5451199999999999,0.134667,-0.1186599999999999,0.894898,downstairs
0.017123,0.046587,-0.01375,0.026382,-0.016984,-0.023421,0.005875,0.004231,0.0171039999999999,-0.04657,sitting
-0.648301,-0.567361,3.124011,-0.030862,-0.4801979999999999,0.045127,-0.063974,0.200812,-0.509223,0.537409,upstairs
1.5827870000000002,-0.813295,-2.4122369999999997,2.605448,-2.7582310000000003,1.036643,0.42176,-0.238142,0.6870350000000001,0.7265550000000001,jogging
0.132363,-1.388307,1.674916,-3.124795,1.179666,-0.06283,-0.701382,0.146124,0.023951,0.983395,walking
-2.843093,-1.380089,0.0165389999999999,-0.012136,-0.0256029999999999,0.006352,-0.011854,0.059048,-0.055684,0.98187,standing
-0.228082,-1.031224,-2.766152,-0.343206,-0.5102270000000001,-0.251936,-0.240008,0.547637,-0.116167,0.857928,upstairs
-2.252828,-1.232994,0.037011,-0.1237829999999999,0.015444,0.033107,0.019802,-0.0274589999999999,-0.257259,0.943485,standing
-2.50988,-0.32339,0.005488,0.0033009999999999,-0.005896,0.019418,-0.111911,0.041993,-0.5599149999999999,0.317783,sitting
-0.703009,-1.473611,1.839996,0.7902,-0.49373,-0.003443,-0.041225,0.094039,-0.062689,0.995281,upstairs
-0.295627,-1.255456,0.5026520000000001,2.113124,0.951884,-0.681697,-0.050011,0.474621,-0.090352,0.950691,walking
-2.3916009999999996,-1.304039,-0.0907299999999999,0.071624,0.019813,0.203751,-0.3362739999999999,0.0104409999999999,-0.179643,0.964631,downstairs
-0.928034,-1.302117,0.036299,-0.110696,-0.01986,0.00118,0.009343,-0.002473,-0.212484,0.964122,standing
0.35057,-0.360738,-0.047347,0.017309,0.0288509999999999,0.008291,-0.010481,-0.003168,0.321329,0.352964,sitting
2.504437,-1.514566,0.0863,0.499957,-0.063613,-0.093585,0.003061,0.07119,0.033434,0.998419,standing
2.71676,-1.4988290000000002,-0.008442,0.035236,-0.0255889999999999,0.009593,0.011622,-0.003502,0.029637,0.997411,standing
-1.652076,-1.012468,-0.284176,-0.00277,-0.461176,-0.29413,1.69324,1.791247,-0.528014,0.8481420000000001,upstairs
2.011014,-1.508688,0.00014,0.002477,-0.004016,0.004381,0.003881,-0.004004,0.056151,0.998072,standing
-0.480272,-0.765599,-3.2302310000000003,1.248283,-0.491899,-0.525633,0.3789,0.2127679999999999,-0.333102,0.692969,upstairs
1.822452,-1.507366,-0.0136569999999999,0.014584,-0.002468,-0.004262,0.0033539999999999,0.004571,0.06139,0.997989,standing
-2.284482,-1.264301,2.2817849999999997,0.6377510000000001,0.401633,0.151954,-0.668149,-0.05319,-0.22808,0.953397,walking
-0.147285,-1.420852,-1.691118,2.3636939999999997,0.291549,-0.334161,-0.199061,-0.8173819999999999,-0.021918,0.988779,jogging
-2.5328060000000003,-0.455589,-0.006189,0.019134,0.006306,0.039512,-0.075947,0.069486,-0.513541,0.4399909999999999,sitting
1.015215,-0.8294030000000001,0.000766,0.002601,0.001567,0.004732,0.010213,0.000962,0.5737439999999999,0.737529,sitting
-1.817142,-1.271532,0.021322,0.005939,-0.0018149999999999,-0.001852,0.0016,0.023668,-0.2856849999999999,0.955554,standing
0.131417,-1.10101,0.228492,-2.117063,0.566236,-0.091563,-0.514208,0.413788,0.059321,0.8916649999999999,downstairs
-0.009447,0.062787,-0.0002529999999999,0.001114,-0.001769,0.001707,0.013505,-0.0029,-0.009428,-0.062745,sitting
1.336169,-1.475602,3.5514639999999997,2.2288639999999997,2.8605549999999997,-0.65649,1.352062,-0.200317,0.092372,0.995472,upstairs
0.4938939999999999,-0.439817,-0.003403,-0.003155,-0.001399,-0.001589,-0.007286,-0.0135449999999999,0.428942,0.4257729999999999,sitting
2.280716,-1.374771,1.32038,1.348828,0.303066,0.075936,0.023943,-0.293265,0.147697,0.980849,jogging
1.513861,-1.486734,0.6284850000000001,0.970462,-0.182852,0.234593,-0.18287,-0.1022049999999999,0.083767,0.996469,downstairs
2.1230130000000003,-0.728059,-1.5292940000000002,3.608032,-1.919458,1.853163,2.197249,0.127846,0.6355149999999999,0.6654220000000001,downstairs
-2.914968,-1.136198,-3.578557,-0.926188,-0.377619,-1.063295,0.370503,-1.442558,-0.0946029999999999,0.907039,jogging
1.7738490000000002,-1.433912,0.06267,0.040031,-0.027413,0.0475779999999999,0.002656,-0.02434,0.133116,0.990646,standing
-2.066478,-0.4293,0.005719,-0.004021,-0.004061,0.015391,0.006587,0.0182319999999999,-0.7998149999999999,0.416234,sitting
-0.536051,-1.478768,0.011148,0.020636,0.007272,-0.008323,0.0068099999999999,0.096116,-0.046685,0.995768,standing
-0.209042,-1.484684,-0.001416,0.064096,-0.020027,0.014777,0.0128449999999999,0.041188,-0.017753,0.996295,standing
-2.306044,-1.202278,1.481604,0.005639,-0.813666,0.12124,0.468413,-0.5681149999999999,-0.267159,0.932862,downstairs
1.471444,-1.314543,0.831875,0.561311,-1.231197,0.250498,-0.679703,-0.801925,0.252126,0.967346,jogging
0.56139,-0.8776809999999999,-0.474896,-2.091656,0.416931,-0.047406,-0.496936,0.293738,0.340146,0.769259,walking
-0.260734,-1.348315,-0.662929,1.045578,-0.5001369999999999,-0.034067,0.026661,0.035236,-0.056875,0.975353,walking
1.161522,-0.814178,1.860428,-4.481303,0.293575,-0.286534,0.401516,0.323312,0.6297649999999999,0.727162,walking
1.6450220000000002,-1.448828,2.225838,-2.927977,2.7743830000000003,-0.541938,0.989591,0.7011539999999999,0.121299,0.992571,walking
0.8586440000000001,-1.283874,0.7024229999999999,0.768275,0.292721,-0.2117619999999999,0.003695,0.458291,0.214218,0.959119,upstairs
1.589332,-1.236779,-0.104872,0.116666,-0.478523,-0.102289,0.255874,0.086346,0.327768,0.944733,upstairs
1.044646,-1.325379,-1.339184,1.062392,-0.481286,-0.223122,0.165294,0.250235,0.2100449999999999,0.970036,walking
-2.924075,-0.136579,-0.002064,0.0120989999999999,-0.0034579999999999,-0.003382,-0.005906,-0.010235,-0.213796,0.136155,sitting
0.444954,-0.165601,0.00355,-0.001197,0.005313,0.006243,0.025554,0.000679,0.4245279999999999,0.164846,sitting
1.813551,-1.402252,0.028564,0.036311,-0.004585,-0.023459,0.010386,0.028429,0.162726,0.98583,standing
1.484719,-1.226053,-1.1658879999999998,1.952108,-2.584339,-1.060801,-1.5117040000000002,-0.470064,0.336665,0.941162,jogging
0.979256,-1.297312,1.358689,-0.3729389999999999,0.843224,-0.059011,-0.122351,-0.022453,0.2241719999999999,0.962836,downstairs
0.5640569999999999,-0.339973,-0.004075,0.004495,-0.0004309999999999,0.004007,0.004719,-0.003631,0.50402,0.333462,sitting
-2.319166,-1.4060549999999998,-1.417737,-0.265814,-1.459164,-0.091873,-0.030269,0.092305,-0.120102,0.986461,walking
1.752348,-1.444235,-0.442779,0.667424,-0.711119,0.184226,0.127871,-0.069127,0.124124,0.992002,upstairs
0.318342,-0.638396,0.674844,-1.370273,-0.02496,0.077142,-0.490058,0.628091,0.251349,0.595908,walking
1.483293,-1.4983229999999998,-1.880384,1.653622,0.469792,-0.006166,-0.275039,-0.198045,0.071992,0.997375,walking
-2.569816,-0.432129,-0.100641,-0.0825029999999999,-0.015887,0.017231,-0.052792,0.038816,-0.491368,0.418805,sitting
0.136604,-1.344117,-0.186824,1.4332280000000002,0.7828430000000001,-0.418956,-0.768943,0.528625,0.030604,0.974418,jogging
0.632121,-0.429339,-0.005232,0.008138,-0.004071,0.002869,-0.000437,-0.008222,0.537231,0.41627,sitting
1.897934,-1.523198,-0.002418,0.0579649999999999,0.032522,0.0074629999999999,0.003894,0.004227,0.045058,0.998867,standing
-2.7108779999999997,-1.510399,-3.244888,-1.683868,-2.559371,-0.211905,0.111915,-0.345497,-0.025202,0.998177,jogging
0.288308,-0.316653,-0.066518,-0.003204,0.213538,-0.002311,0.001555,0.010121,0.270194,0.311388,sitting
-2.284188,-1.212625,-0.200993,-0.027703,0.029921,0.048805,0.043502,-0.084995,-0.265053,0.936539,standing
0.005115,0.047941,0.005235,-0.00401,-0.007975,0.0031,0.0053659999999999,-0.001116,0.005109,-0.047922,sitting
0.601831,-0.948175,-1.7242849999999998,2.099103,0.070168,1.247011,2.596156,1.217692,0.330153,0.812353,walking
0.378416,-1.085679,1.8953,-2.47759,2.031097,0.050545,0.1806569999999999,0.306566,0.172279,0.8846200000000001,upstairs
-1.140346,-1.3273780000000002,0.018243,-0.007597,-0.0061,-0.036305,-0.000168,0.051686,-0.219005,0.97052,standing
-2.217041,-1.554548,1.6675799999999998,-1.883793,1.7272029999999998,0.241048,-0.350515,0.212081,-0.0128069999999999,0.999868,jogging
0.612408,-0.462567,-0.007037,-0.00448,-0.002334,-0.003336,0.014615,-0.002314,0.514429,0.446246,sitting
0.405068,-1.395236,-0.579521,0.117059,-0.052541,0.002895,-1.074778,0.285261,0.068821,0.984629,jogging
3.054104,-1.451729,-0.252932,0.38645,-0.023893,-0.1629519999999999,0.174255,0.001134,0.010364,0.99292,upstairs
-2.937805,-1.339624,-0.02248,0.008912,-0.000493,-0.017728,0.002996,0.030569,-0.046343,0.973398,standing
-0.284099,-1.2529,-0.657488,3.065277,-0.162724,-0.039028,1.376521,1.26056,-0.087605,0.949895,downstairs
-2.821268,-1.0229629999999998,-8.343447,7.982367,1.00044,-0.399128,1.320661,-4.671983999999999,-0.163998,0.8536549999999999,jogging
1.693933,-1.227603,-0.906143,0.796211,-0.281074,-0.301641,0.129345,0.45237,0.333928,0.941685,upstairs
0.436293,-0.056069,-0.011128,-0.06407,0.007854,-0.003187,-0.0081879999999999,0.007043,0.421918,0.056039,sitting
0.726568,-1.327508,1.142941,-0.8911959999999999,0.100125,0.278555,0.145034,0.060568,0.160029,0.970551,downstairs
0.173891,-1.544573,1.865637,-1.349634,1.8907009999999995,-0.248308,0.181099,0.035924,0.004533,0.999656,upstairs
1.164727,-1.130603,-2.351856,2.693641,-2.652313,-1.554943,-2.062979,0.28834,0.39146,0.904669,jogging
0.492043,-1.18164,1.472004,-0.909929,2.508939,-0.362348,0.471209,0.913256,0.179243,0.92523,jogging
-0.780614,-1.264019,-1.210509,-3.900145,-2.917421,-0.542701,1.857388,-0.173364,-0.212502,0.953312,downstairs
0.281618,-0.312535,0.022234,0.0029649999999999,-0.057124,0.004657,0.019493,0.00326,0.264447,0.3074719999999999,sitting
-2.451441,-0.41608,0.0075879999999999,0.003264,0.001596,0.038404,-0.2000299999999999,0.101274,-0.5823189999999999,0.404178,sitting
3.060289,-1.1660620000000002,-1.231982,-3.477321,-3.643568,-0.331113,0.605711,-0.502826,0.03198,0.919207,downstairs
0.398159,-1.257095,-1.636213,0.233326,-0.746317,-0.269452,-0.205455,0.0980809999999999,0.119641,0.951198,upstairs
-2.920725,-0.133097,-0.004282,-0.014685,-0.002415,-0.004846,0.00168,-0.006019,-0.217139,0.132704,sitting
-2.149508,-1.321065,0.255898,2.011151,-1.808784,-2.80314,2.200348,-1.375332,-0.206901,0.968979,jogging
-2.385133,-0.597322,-0.005932,-0.0322779999999999,0.004926,0.023769,-0.094092,0.1052849999999999,-0.5675,0.56243,sitting
1.888753,-1.179615,1.180911,-0.1178049999999999,-0.050026,-0.106524,-0.060903,-0.185879,0.36217,0.924459,upstairs
0.670615,-1.124335,0.176465,-0.49212,-0.062374,-0.116,-0.171649,0.175665,0.268329,0.901981,upstairs
-1.670037,-1.356348,-0.002137,-0.1130099999999999,0.021516,-0.0211389999999999,0.00101,-0.0278899999999999,-0.211755,0.977094,standing
-1.396469,-1.224905,0.013043,-0.070659,-0.0269279999999999,-0.055708,-0.008416,0.081187,-0.333803,0.940774,standing
1.106989,-0.294867,0.00911,-0.001168,0.000542,-0.011197,0.008307,-0.021079,0.855756,0.290613,sitting
-0.03726,0.047185,-0.010907,0.026504,-0.020674,0.039682,0.040179,-0.011023,-0.03721,-0.047168,sitting
-2.276883,-0.342204,0.002169,-0.003746,-0.002715,0.015853,-0.0110099999999999,0.015674,-0.716781,0.335564,sitting
-2.735919,-0.610347,2.612674,2.750388,1.732007,0.357535,-0.278764,-1.487804,-0.323385,0.573152,jogging
0.371863,-1.22475,1.697782,0.462322,0.703559,-0.343441,0.050292,0.2980219999999999,0.123241,0.940721,walking
-2.338447,-1.302393,-0.356772,2.290246,0.816475,0.023273,0.581596,0.35498,-0.190799,0.964195,downstairs
0.99458,-1.397669,0.095055,0.467179,-0.081118,0.006801,-0.003453,0.032043,0.144444,0.985051,standing
-2.483963,-1.43514,-2.12886,2.802346,0.42476,-0.149001,-0.355132,-0.193265,-0.082643,0.990813,walking
2.470417,-1.492193,-0.063336,1.972665,-0.401256,0.371222,-0.150721,-0.089776,0.048746,0.996912,upstairs
2.955791,-1.396016,-0.493654,0.371435,-0.621578,0.078442,0.550651,0.0033909999999999,0.032123,0.984765,upstairs
0.589427,-1.188319,2.196437,-2.439987,-0.039792,-0.064451,0.509833,0.070267,0.207457,0.927743,downstairs
0.767165,-0.0941159999999999,0.0016809999999999,-0.034365,0.018916,0.004241,-0.00273,-0.004725,0.691025,0.093977,sitting
-2.9107990000000004,-0.7255590000000001,-0.940462,-4.75899,-0.79113,0.90917,-1.025904,-0.917358,-0.1711329999999999,0.663554,jogging
-0.4900609999999999,-1.135722,0.507074,-0.230859,-0.234178,-0.01419,0.621985,-0.047945,-0.198381,0.906839,upstairs
-1.58012,-1.250111,-0.005892,0.038127,0.011298,-0.0106819999999999,-0.0002279999999999,0.100409,-0.315139,0.94902,standing
0.667983,-0.829868,-2.293725,-0.85106,-0.843893,-1.114658,-1.428043,1.080193,0.418079,0.737842,jogging
2.769146,-1.557589,2.1100220000000003,-0.518062,1.521515,-0.164617,0.4553939999999999,0.23963,0.004797,0.999913,downstairs
-0.138086,-1.291641,-4.222199,2.3231919999999997,-0.362098,-0.244621,-2.102921,1.113634,-0.037926,0.961288,jogging
-2.099514,-1.192914,-1.945419,2.062951,-1.550546,-0.8716729999999999,0.124767,-0.590229,-0.318558,0.929448,downstairs
-1.186881,-1.312171,-2.127853,0.297007,0.245846,-0.086329,-0.287787,0.234394,-0.237112,0.966743,downstairs
1.384854,-0.7861060000000001,-1.29085,0.459162,-0.950843,-0.251344,-0.208889,0.048431,0.6944140000000001,0.707607,walking
0.303209,-1.113134,1.1494799999999998,0.8257530000000001,0.299163,-0.3506,0.411018,0.531867,0.131926,0.8970879999999999,walking
-3.086218,-1.365475,0.062912,-0.001641,-0.049247,0.05704,-0.017677,0.053443,-0.011279,0.978996,standing
-2.143218,-1.38789,2.34351,-0.295055,0.320693,0.428718,-0.7897,-0.348594,-0.152885,0.983319,jogging
1.309048,-1.185985,0.061007,2.250953,0.112754,-0.1429869999999999,-0.139684,0.200194,0.362591,0.926869,upstairs
-1.5218200000000002,-1.210423,-1.001271,-0.335596,0.15261,0.011689,-0.200414,-0.0780899999999999,-0.352189,0.935765,upstairs
0.854922,-1.31135,1.179731,-0.792415,0.97245,-0.220744,0.719427,0.070701,0.1935069999999999,0.966532,jogging
1.033584,-1.4209120000000002,1.557394,-0.891149,-0.064958,-0.115014,-0.518772,0.185558,0.1282589999999999,0.988788,downstairs
1.007035,-0.829731,0.000285,-0.003338,0.002139,-0.003849,0.023862,0.013478,0.5706060000000001,0.73775,sitting
0.87815,-0.576697,-1.555814,4.348485,-1.790288,-2.228515,-0.4651189999999999,1.579059,0.645096,0.545259,jogging
0.540643,-0.247896,-0.043987,-0.016687,0.042821,-0.006399,0.002652,-0.012536,0.498953,0.245364,sitting
0.469028,-0.170894,-0.0013289999999999,0.0018989999999999,0.001462,-0.010819,0.018306,-0.0087879999999999,0.445435,0.170063,sitting
-2.708454,-0.402843,0.001574,0.001401,0.000316,-0.00847,-0.0465,0.011106,-0.3861219999999999,0.3920349999999999,sitting
-1.455627,-1.217862,-0.000487,0.013574,0.00688,-0.012747,0.00486,0.025743,-0.343363,0.938362,standing
1.635006,-1.473849,0.815292,-0.2161719999999999,0.499173,0.066671,-1.091191,0.257726,0.096507,0.995304,jogging
-2.889118,-1.341994,0.018847,-0.022318,0.022778,-0.015441,-0.006028,0.0190229999999999,-0.056611,0.973939,standing
2.606903,-1.515147,0.028642,0.119791,0.060062,0.021203,0.030631,-0.07015,0.028342,0.998452,standing
-0.171257,-1.222467,0.1987789999999999,-2.268709,-0.397554,-0.246169,-1.742068,0.959126,-0.058168,0.939944,jogging
-3.040726,-1.301714,-0.008231,-0.0172979999999999,-0.002417,0.009878,-0.00497,0.014468,-0.026769,0.964015,standing
0.664338,-1.235013,1.200717,-3.236448,1.864537,-0.072913,-0.322021,0.6814020000000001,0.203147,0.944152,jogging
-3.071678,-1.26704,-0.175192,-0.132224,0.512746,0.078008,-0.409389,0.088903,-0.020894,0.95422,downstairs
-1.867367,-0.640844,-2.3795889999999997,0.883251,-2.646954,0.537136,-0.14786,-0.283148,-0.766598,0.5978720000000001,upstairs
2.748002,-1.235202,0.4373689999999999,1.031378,0.434126,0.524489,0.794326,0.209025,0.126298,0.944215,walking
3.125877,-1.425361,-0.000364,-0.000686,0.002764,0.022762,0.013746,-0.068228,0.002277,0.989443,standing
1.054648,-1.150275,0.637213,0.603772,2.730668,-0.083224,-0.11919,0.2112079999999999,0.355044,0.912876,walking
1.878697,-1.39163,-0.010613,0.0367899999999999,-0.005602,0.004942,0.009889,-0.016269,0.169816,0.983993,standing
-0.885023,-0.6390640000000001,1.431157,-1.914495,0.586326,-0.189993,0.1440799999999999,0.109217,-0.6211949999999999,0.596444,downstairs
2.556452,-1.308992,0.003882,0.002797,-0.00027,-0.008125,0.001422,-0.002446,0.142952,0.965925,standing
0.727751,-0.921336,3.266249,-2.476881,1.59719,-0.524569,1.003028,0.378974,0.4022699999999999,0.7964100000000001,jogging
-2.188188,-1.469079,1.81637,0.0991669999999999,0.490562,0.201966,0.184215,-0.672295,-0.082734,0.994831,downstairs
-2.276287,-0.344037,0.001491,0.002114,-0.002512,0.012519,-0.016245,0.01439,-0.7166819999999999,0.33729,sitting
-2.956426,-1.082847,3.204932,-1.3166870000000002,1.172084,-0.439306,-0.6728310000000001,-0.8069890000000001,-0.086313,0.8832959999999999,jogging
-2.448323,-1.197898,-1.83702,0.022147,-0.6824939999999999,0.1067019999999999,0.97528,-0.515444,-0.232816,0.931275,upstairs
0.541324,-1.413457,-3.082965,0.284387,-2.088367,0.101613,1.073891,1.399813,0.080715,0.987648,jogging
0.8007310000000001,-1.217185,-0.2134039999999999,-0.307635,0.4667159999999999,0.539349,0.092313,-0.045545,0.248584,0.938128,downstairs
-2.765083,-0.504636,1.294281,-0.278107,1.2577120000000002,1.103676,-0.441787,-0.586267,-0.321846,0.483489,jogging
0.81118,-1.309487,-0.706635,1.309182,-0.2461199999999999,-0.041738,-0.0611149999999999,0.184816,0.187322,0.966052,upstairs
0.6059829999999999,-1.058196,2.084975,-0.8672989999999999,1.665975,0.144398,0.050601,0.222111,0.279338,0.8714719999999999,walking
-1.644839,-0.870226,-0.2147889999999999,-0.640041,-0.040161,0.2172079999999999,-0.051233,-0.2133659999999999,-0.6428520000000001,0.764475,downstairs
0.652412,-1.120156,-0.8076770000000001,-0.8749549999999999,-0.728694,-0.114948,-0.127647,0.136923,0.264408,0.9001680000000001,downstairs
0.468282,-0.0686659999999999,0.006566,-0.000457,0.004303,0.00256,0.003867,-0.004869,0.450291,0.068612,sitting
1.555714,-1.223884,0.023212,-0.048913,0.014476,0.006173,0.008822,-0.026336,0.339958,0.940427,standing
1.947346,-1.40276,-0.0962,-0.10518,-0.019543,0.014457,0.013368,-0.036351,0.155526,0.985915,standing
-0.896618,-1.272626,-2.157508,-0.263065,0.077041,0.177193,-0.44286,0.258554,-0.2295,0.955876,downstairs
-1.716448,-1.185844,-0.970188,3.22517,-4.720177,-0.774721,0.533084,-0.240337,-0.371534,0.926816,jogging
1.247924,-1.362864,-0.834548,1.753164,-0.108788,0.1190109999999999,-0.1143849999999999,0.044456,0.195762,0.97846,upstairs
0.0070519999999999,0.055965,-7e-05,-0.00195,-0.007779,-0.008537,0.015423,-0.002964,0.0070409999999999,-0.055935,sitting
-0.606719,-1.376719,0.989023,0.088532,1.132469,-0.5582050000000001,0.3457389999999999,0.417302,-0.109963,0.981226,downstairs
0.743428,-0.911125,0.139432,-0.341625,0.7137359999999999,0.28453,0.8888530000000001,-0.402554,0.41478,0.790194,upstairs
0.791824,-0.091692,0.008197,-0.014393,-0.0173159999999999,-0.0010949999999999,-0.01559,0.000865,0.708645,0.0915639999999999,sitting
2.349871,-1.024774,-1.731703,0.415646,-1.03128,0.164643,0.361086,-0.336298,0.369506,0.8545969999999999,downstairs
0.665701,-0.50317,-0.000105,-0.011123,-0.013518,0.012542,-0.017362,-0.010915,0.541063,0.482205,sitting
3.0941229999999997,-1.261263,1.132298,0.614376,0.8304530000000001,0.162305,0.4968189999999999,-0.363354,0.014453,0.952476,upstairs
-2.500469,-0.5196430000000001,0.043475,0.036847,0.015212,0.03503,-0.10149,0.084366,-0.519145,0.496571,sitting
2.573768,-1.221683,0.2321869999999999,0.274018,-0.483879,-0.5213270000000001,1.003607,1.137523,0.18394,0.939677,walking
1.248102,-1.065735,2.726693,-0.771068,-0.1637,-0.153061,1.197365,0.261239,0.458863,0.8751450000000001,walking
-0.526975,-1.32627,-0.87141,-0.862405,-0.336445,0.1861789999999999,0.0154349999999999,-0.2580119999999999,-0.121741,0.970252,downstairs
-0.269372,-0.85887,1.829436,2.69742,0.213687,-0.1759359999999999,2.745489,0.1034829999999999,-0.1738569999999999,0.757105,walking
0.98451,-0.986081,0.636759,0.186325,0.310616,-0.185953,0.392388,0.327578,0.459772,0.8338690000000001,walking
0.91855,-1.489611,4.831508,-3.3482489999999996,1.502116,0.283375,-0.573458,0.242689,0.064449,0.996706,jogging
-0.2352199999999999,-1.122389,0.601082,-2.970574,1.267431,-0.507393,-0.184723,0.524216,-0.101036,0.901139,downstairs
0.6792520000000001,-1.478381,0.011559,-0.002669,0.002769,-0.010272,0.006144,0.013913,0.05794,0.995733,standing
-1.593895,-0.095784,-0.7023590000000001,0.3669699999999999,0.19835,0.353937,-0.197124,0.060139,-0.995142,0.095637,downstairs
-3.11164,-0.886325,-2.705895,-1.1764629999999998,-0.7086640000000001,0.081496,-0.576649,-0.2176409999999999,-0.018935,0.774753,upstairs
-2.227172,-1.476682,-0.016018,0.011598,-0.015953,0.011498,0.006653,-0.0075489999999999,-0.074395,0.995575,standing
-0.75043,-0.749579,-0.615409,-0.386046,0.085176,0.172907,-0.345988,0.258673,-0.49917,0.681331,walking
2.067599,-1.064997,-0.017238,0.0582179999999999,-0.010091,0.0474889999999999,-0.0024579999999999,0.0037549999999999,0.425824,0.8747879999999999,standing
-1.5616139999999998,-1.206832,-0.024832,-0.006215,0.0308829999999999,0.001657,0.007829,-0.000103,-0.355966,0.934493,standing
-0.457883,-1.136365,0.210348,-0.583071,-0.079803,0.023364,0.174037,-0.213166,-0.186053,0.907109,upstairs
-0.158392,-1.058255,-1.761152,1.525291,0.063637,-0.2206389999999999,-0.395656,0.275942,-0.07735,0.871501,upstairs
-0.073242,-0.942904,-1.645836,1.508387,-0.017808,-0.315702,-0.204836,0.525332,-0.042987,0.809267,downstairs
-0.439589,-1.348004,-0.002417,0.02963,-0.062838,-0.0137949999999999,0.061077,-0.041313,-0.093993,0.975284,standing
-0.329284,-1.270376,-2.014919,1.245632,0.304392,0.240065,-0.224301,-0.004474,-0.095687,0.955212,upstairs
0.078067,-1.341338,0.671149,-0.49316,-0.019637,0.079826,-0.193593,0.045498,0.017738,0.97379,downstairs
-0.457601,-1.328152,-2.584833,-1.324832,1.7523830000000002,0.126765,0.080686,-0.165951,-0.10615,0.970706,downstairs
-0.009378,-0.708324,4.448423,-1.500382,-0.461876,0.096539,0.2091489999999999,0.323323,-0.007122,0.650562,upstairs
-0.637616,-1.359911,0.464283,0.147938,-0.6884319999999999,0.000137,0.1282329999999999,-0.026395,-0.124588,0.977846,downstairs
-1.466539,-1.033012,-0.00952,0.015536,-0.0019809999999999,-0.017013,0.008311,0.049536,-0.5094310000000001,0.8588459999999999,standing
-1.442402,-1.239508,0.076942,-0.118175,0.001662,0.005437,0.005029,0.009295,-0.32256,0.945624,standing
0.7584770000000001,-0.097346,-0.002621,0.0025,0.00162,0.000651,0.003119,-0.006068,0.6845600000000001,0.097192,sitting
0.106325,-1.371712,-0.449395,2.180975,0.182661,-0.960287,1.951514,0.346862,0.020987,0.980248,jogging
-1.566835,-1.216774,0.009861,-0.0008539999999999,0.0059619999999999,0.004553,0.015902,-0.00618,-0.34664,0.937986,standing
0.559847,-0.646655,-0.006811,0.00188,-0.0036969999999999,0.007451,-0.005764,-0.014015,0.423838,0.60252,sitting
-0.955419,-0.950286,-1.759618,0.361198,-0.546728,0.303553,-0.074858,-0.09579,-0.474787,0.8135819999999999,upstairs
-0.531452,-1.5389620000000002,-2.238178,-0.201782,-0.431156,0.24336,-0.213803,-0.11033,-0.016096,0.999493,jogging
2.468628,-1.26307,-1.364859,-2.3808119999999997,-0.776949,-0.315729,-0.0439209999999999,-0.3300659999999999,0.188791,0.953025,downstairs
-1.716807,-1.3180690000000002,0.0046939999999999,-0.106483,0.009469,0.002519,-0.004382,0.052404,-0.247331,0.968234,standing
1.041402,-1.148921,3.055523,2.219027,2.536228,0.317265,0.717133,0.04328,0.353404,0.912323,jogging
0.707199,-1.044237,-1.160772,0.4917479999999999,0.073581,-0.184074,0.164786,0.199889,0.326499,0.864541,walking
0.752826,-0.426481,-0.734165,1.909833,0.006623,0.286201,1.449597,1.85685,0.62246,0.4136689999999999,walking
-2.697541,-0.469095,-0.005902,0.014379,-0.004646,-0.002815,0.014061,-0.0194,-0.383187,0.452079,sitting
1.358355,-1.385165,-0.5448109999999999,-0.012751,-1.133751,0.233948,0.313048,-0.053746,0.180374,0.98282,upstairs
-0.313535,-1.30274,-2.633638,2.1251830000000003,0.930266,0.252277,-0.349663,0.0391629999999999,-0.081684,0.964287,upstairs
0.767048,-0.094686,0.002036,0.007705,-0.008195,-0.005006,0.005187,-0.004973,0.690904,0.094544,sitting
1.350884,-1.475682,-1.840958,1.880061,-2.00318,0.325015,0.521045,-0.0193449999999999,0.092511,0.99548,jogging
-2.511875,-1.365822,-1.773146,-1.5453370000000002,-0.274367,0.353286,0.4238729999999999,-0.6523180000000001,-0.119842,0.979066,walking
-0.423334,-1.4300190000000002,2.897449,-1.801363,0.980179,0.650704,0.254094,0.2449889999999999,-0.057626,0.990107,jogging
-1.814096,-1.4704549999999998,-0.00598,0.000233,0.00135,0.014196,0.006449,0.0060009999999999,-0.097112,0.99497,standing
1.4643540000000002,-1.510901,-2.6687830000000003,-0.389802,0.81261,-0.04073,-0.654472,-0.146085,0.059437,0.998207,upstairs
0.667411,-0.503979,-0.00248,-0.001499,-0.0050609999999999,0.010232,-0.01369,-0.010042,0.541999,0.482913,sitting
-1.506433,1.423567,0.111243,0.501179,0.071511,-0.247829,-0.049393,-0.0245629999999999,-0.146367,-0.989181,downstairs
0.558658,-0.844851,1.079869,-1.783988,1.295852,-0.339632,-0.191796,0.705815,0.351869,0.747872,walking
-2.5941810000000003,-0.187341,-0.007913,0.003077,0.002889,0.0104099999999999,-0.0278,0.006067,-0.511372,0.186247,sitting
-2.573437,-0.229559,2.6e-05,-0.004083,0.018732,0.019171,-0.067224,0.013934,-0.523962,0.227548,sitting
-0.120394,-1.101579,-3.167565,-0.609367,-1.362075,-0.123746,-0.3462989999999999,0.485547,-0.054309,0.8919229999999999,downstairs
1.68197,-1.524167,-0.875668,0.311654,0.061532,-0.1091559999999999,-0.073544,0.088252,0.046244,0.998913,upstairs
1.125968,-1.16464,0.631729,-0.5857289999999999,2.054758,1.543713,0.270792,-0.152902,0.356602,0.918646,jogging
-1.3077299999999998,-1.0470270000000002,2.319913,2.497905,1.739554,0.258702,-0.446781,-0.578775,-0.482929,0.8659399999999999,walking
-1.130027,-1.336555,0.616685,0.094463,-0.090991,-0.166366,-0.4154859999999999,-0.216454,-0.209916,0.972691,downstairs
-0.142256,-1.243046,3.591858,-0.604146,-0.336598,0.0742029999999999,-0.064658,0.255637,-0.045639,0.946769,upstairs
0.658968,-0.994649,0.148509,-0.39034,0.585648,-0.086964,-0.116049,0.045044,0.333577,0.838568,upstairs
-2.395657,-1.162051,2.1556450000000003,1.880082,0.380027,-0.168271,0.3501869999999999,-0.283104,-0.269733,0.91762,upstairs
-0.66215,-1.39629,-0.8519909999999999,0.171025,0.831025,0.041838,-0.0872899999999999,0.071025,-0.106719,0.984812,upstairs
0.424526,-0.163405,0.081298,0.044203,0.019175,0.001297,0.00268,0.011476,0.406402,0.162679,sitting
-2.279874,-1.277047,-1.363272,0.421059,-0.257466,0.61326,0.342106,-0.696376,-0.219736,0.957165,downstairs
0.278733,-0.333837,-0.001523,-0.007323,-0.0072349999999999,0.002595,0.006924,0.001986,0.259948,0.327671,sitting
2.2633509999999997,-1.447511,0.327637,0.9555,-0.415077,0.000966,-0.044366,0.010071,0.094554,0.99241,upstairs
0.865721,-1.280386,2.2676369999999997,0.143789,1.252365,-0.238104,0.750034,0.075836,0.218069,0.958126,walking
-2.6669099999999997,-0.096414,0.004404,-0.015038,-0.004101,0.012093,0.001682,-0.001366,-0.454933,0.096264,sitting
-0.057183,-0.990937,-3.177295,0.91674,0.557447,-0.005155,-0.531379,-0.082314,-0.031313,0.83654,walking
0.307081,-0.379476,0.002073,0.005026,-0.044832,-0.005733,-0.002041,-0.001983,0.280773,0.370434,sitting
1.144634,-0.771433,1.987815,0.600576,0.1152079999999999,0.446105,0.465557,0.685088,0.652788,0.697163,jogging
0.6491180000000001,-0.608857,-0.0019879999999999,0.0244,-0.038852,-0.007334,0.038895,0.0111939999999999,0.49586,0.57193,sitting
-2.576975,-0.210565,0.0019079999999999,0.006662,-0.001001,0.0103489999999999,-0.0479259999999999,0.012094,-0.523273,0.209013,sitting
2.593194,-0.953711,0.900546,-0.51748,-0.652414,-0.0404529999999999,-0.707201,-0.4222109999999999,0.301668,0.815569,downstairs
-1.31119,-1.397711,0.022653,0.02356,0.016288,-0.016746,0.006138,0.042348,-0.166451,0.985058,standing
0.25739,-1.360982,-1.098631,0.466358,-0.3095,-0.0892559999999999,-0.255932,0.184717,0.0530169999999999,0.978069,upstairs
0.329704,-0.340625,0.053335,0.006103,-0.007568,0.012862,-0.004288,0.002176,0.305162,0.334076,sitting
-0.673948,-1.423812,0.072138,0.02131,0.036443,0.043717,-0.011251,-0.067128,-0.091157,0.989217,standing
2.988492,-1.333866,-2.508858,2.5888299999999997,-1.284646,-0.2898239999999999,0.439177,-0.252388,0.035795,0.972063,upstairs
0.3340309999999999,-0.955158,-0.040652,-0.294515,0.2345829999999999,0.0800039999999999,1.0149549999999998,-0.157914,0.189329,0.816405,walking
-2.6796740000000003,-1.497296,0.003409,0.049184,-0.02622,0.005738,0.000701,0.0300199999999999,-0.032639,0.9973,standing
-0.356456,-1.212216,-0.6635989999999999,3.716583,0.548895,0.3493719999999999,-0.128458,0.350736,-0.122459,0.936396,downstairs
-0.74942,-1.364033,-0.973388,-4.373476,-1.416073,-0.0593179999999999,0.223311,-0.198366,-0.139839,0.978701,downstairs
-0.141622,-1.459251,-0.0221099999999999,-0.011726,-0.003971,-0.00385,0.009709,0.019941,-0.015681,0.993785,standing
-2.573831,-1.2566620000000002,3.693578,-0.37006,0.586972,0.30384,0.808381,-0.475441,-0.166145,0.951064,walking
0.745596,-1.391157,-0.963208,-0.1308869999999999,-1.2478280000000002,0.05873,-0.244025,-0.028966,0.121156,0.983908,upstairs
0.521241,-0.44,0.082659,-0.0607039999999999,-0.004233,0.029713,0.012155,0.008372,0.450527,0.42594,sitting
-2.857595,-1.378639,-0.889073,1.142528,-0.916531,0.148496,0.242542,-0.164519,-0.053495,0.981595,walking
0.421217,-1.430649,0.876266,-0.658358,-0.439388,-0.06672,0.178857,-0.1262599999999999,0.057046,0.990195,walking
0.988086,-1.3248209999999998,1.091261,-0.946795,0.276827,-0.0270459999999999,-0.204855,0.1100589999999999,0.2033,0.9699,walking
-1.789177,0.037866,1.258585,0.325203,0.85198,0.023005,-0.113388,-0.040984,-0.975535,-0.037857,downstairs
1.693136,-1.248451,-1.917684,0.759605,-0.948246,0.418943,0.369361,0.347176,0.3144099999999999,0.948495,walking
1.181093,-1.08958,0.375197,-1.356036,1.669949,-0.183885,-0.255985,0.066636,0.428147,0.886433,downstairs
0.772877,-0.0921309999999999,-0.001133,0.004039,-0.001048,-0.005204,0.001063,-0.011451,0.695237,0.092001,sitting
-0.491512,-1.337824,1.886797,-1.706112,6.28684,-2.0808880000000003,2.887581,-0.19299,-0.1089619999999999,0.972984,jogging
-0.081821,-1.443053,-0.010256,0.004636,0.007392,0.0026449999999999,0.004303,0.003038,-0.010412,0.991852,standing
0.4005599999999999,-0.2856329999999999,-0.0016649999999999,0.000304,-0.001348,-0.005804,0.018955,-0.0033229999999999,0.374136,0.281765,sitting
-1.690741,-1.239033,-0.0169889999999999,-0.024604,-0.006997,-0.018519,-0.008687,0.099977,-0.323339,0.945469,standing
1.107192,-0.291503,-0.00137,-0.005849,-0.002341,-0.006157,0.007225,-0.010365,0.856712,0.287392,sitting
1.569295,-0.7365689999999999,0.715813,-1.703538,1.136599,0.491364,0.421771,0.3497909999999999,0.740768,0.671751,walking
0.722698,-1.052406,-2.646225,4.033804,-0.144463,-0.323562,0.55315,1.40093,0.327712,0.868618,walking
-0.142663,-0.923037,4.245342,-3.86464,0.482951,0.689154,-0.087004,0.970592,-0.0857909999999999,0.797438,jogging
-2.360587,-1.208986,2.0136130000000003,0.712252,-0.254973,0.2158409999999999,0.181793,-0.315849,-0.249151,0.935257,walking
1.007136,-1.181815,-0.403442,1.02934,-0.567519,-0.546817,-0.341983,-0.037459,0.320575,0.925296,walking
-1.678017,-1.423186,0.586505,-0.150367,-0.271503,0.23763,-0.222631,0.004472,-0.146154,0.989125,downstairs
2.938542,-1.434283,-0.30008,1.217349,-1.06998,-0.052971,-0.707432,-0.161659,0.027443,0.990697,jogging
-2.240176,-1.2057639999999998,2.022949,0.393958,0.104123,0.714484,-0.789611,-0.940712,-0.279944,0.934112,jogging
-1.092678,-0.795319,-3.260339,-0.6532859999999999,0.31567,0.2172369999999999,-0.228858,0.105417,-0.621534,0.714087,downstairs
-0.286547,-0.8633959999999999,-0.46711,-1.380579,0.813457,-0.071069,-0.5570970000000001,0.854302,-0.183677,0.760054,walking
-2.69428,-1.394232,0.028593,0.005206,0.01328,0.00321,0.0001199999999999,0.01224,-0.075903,0.984453,standing
0.880668,-1.25235,0.253379,0.011539,-0.049549,0.1665869999999999,0.566512,0.276494,0.2414329999999999,0.949723,downstairs
-0.021776,1.38971,-0.38647,1.474533,-0.57865,0.412154,-0.165338,-0.2948469999999999,-0.00392,-0.983649,walking
1.397209,-1.481344,1.414044,1.691387,0.2297969999999999,0.090587,-0.048324,-0.0653929999999999,0.087925,0.996002,upstairs
-0.319133,-1.07291,2.286125,-0.377925,-0.2751099999999999,0.7630680000000001,-0.18966,0.8102020000000001,-0.149833,0.8785940000000001,walking
0.764467,-0.399094,-0.964368,1.3848120000000002,-0.100066,-1.5159,-0.910342,0.011159,0.637756,0.388583,walking
2.368058,-1.116496,1.227676,-1.440431,0.887249,0.047854,-0.661981,0.0647529999999999,0.306577,0.898568,downstairs
0.1002649999999999,-0.928856,-0.01138,-0.002277,-0.006006,0.037754,0.025282,0.019587,0.059933,0.8009350000000001,sitting
-1.555762,-1.441976,-0.730925,0.054136,0.11022,0.103434,-0.025375,-0.028113,-0.128443,0.991714,downstairs
-1.306079,-1.400702,-0.016681,0.073409,0.009489,0.028227,0.016918,0.012469,-0.163359,0.985569,standing
1.117988,-1.113326,-0.009641,-0.051573,0.0077379999999999,-0.002991,0.0197129999999999,0.119834,0.396943,0.897173,standing
-2.869666,-0.409137,-0.001892,0.000153,-0.0042829999999999,0.001816,0.001993,-0.004187,-0.246415,0.397818,sitting
-2.37489,-1.151775,-4.225047,6.219583,1.049528,1.615277,1.022899,-2.080668,-0.282254,0.913488,jogging
-2.614064,-1.358801,4.982517,-0.807643,1.593816,-0.44964,1.695925,0.7575,-0.105918,0.977613,jogging
0.956661,-0.359797,-1.208995,-4.630283,2.562622,0.410047,0.810605,0.005144,0.764941,0.352084,jogging
-2.155179,-0.544205,-1.37655,-1.828429,-0.721186,1.088733,0.442589,-0.343692,-0.713565,0.517738,walking
0.877941,-1.230641,1.090643,-0.388193,-0.983195,0.115616,0.4115149999999999,-0.065772,0.2566989999999999,0.942703,downstairs
-1.436644,-1.307151,-0.395121,0.057146,0.092601,-0.0402519999999999,-0.010597,0.069358,-0.258164,0.965446,standing
-0.824883,-1.447422,0.00597,-0.129349,0.00098,-0.0244659999999999,-0.000318,0.078925,-0.090372,0.992399,standing
-1.297655,-1.296537,0.765849,-0.8136869999999999,0.119438,-0.055844,0.108541,-0.274434,-0.260776,0.962626,downstairs
1.584165,-1.170901,-0.178309,-0.46303,0.051385,-0.084266,0.067347,-0.109207,0.389182,0.921102,standing
0.175752,-1.071602,1.868952,-2.3868419999999997,0.350858,-0.1955039999999999,-0.7336199999999999,0.719615,0.083703,0.8779680000000001,walking
-2.274276,-1.223672,2.309376,0.948018,-0.182944,0.378751,-0.352098,0.004745,-0.259411,0.940355,walking
0.059871,-0.863353,-0.424584,1.522252,-0.109,0.075875,1.010009,-0.181365,0.038886,0.760026,upstairs
-0.190817,-0.284093,3.011355,-1.058997,-0.8899819999999999,-0.002222,-0.250059,0.723255,-0.182059,0.280287,upstairs
-1.369668,-0.452292,3.902566,-1.0251290000000002,2.185863,-1.6071950000000002,-0.729402,0.902526,-0.881315,0.4370279999999999,jogging
-2.0631779999999997,-0.428208,0.020911,0.0154919999999999,-0.004245,-0.000754,-0.009281,-0.002431,-0.8016439999999999,0.4152409999999999,sitting
1.434686,-0.6846439999999999,0.752255,0.570242,-0.1238119999999999,-0.08949,-0.149045,-0.035377,0.767468,0.632397,upstairs
1.130974,-1.241972,-1.303839,0.2262469999999999,-0.179275,-0.213426,-0.659008,0.011442,0.292192,0.946423,downstairs
0.335835,-0.342496,0.00826,-0.005136,-0.005049,0.01104,-0.002694,-0.030882,0.3104159999999999,0.33584,sitting
1.007871,-1.176051,-1.66776,0.180948,-0.591863,0.136391,1.497377,0.171196,0.325218,0.923094,walking
-3.073526,-0.8793549999999999,0.106089,-0.461714,0.1933619999999999,-0.047895,0.277951,0.504283,-0.043368,0.770328,upstairs
0.052265,-1.179873,-0.708327,-0.151061,0.171545,0.011466,0.298709,-0.36577,0.019906,0.924558,downstairs
-2.713189,-1.24132,0.351971,-0.312596,0.062824,0.487339,0.4301,-0.151475,-0.134403,0.946212,walking
-0.2730599999999999,-1.359384,4.415083,1.01046,-0.358353,0.10587,0.613146,0.918919,-0.056584,0.977735,walking
0.649898,-1.09487,-2.081971,-0.450104,-0.863374,-0.498763,-0.763579,0.166125,0.277236,0.888869,downstairs
-0.591291,-1.145193,2.743204,-1.838715,1.605709,-0.2024,0.039237,0.316778,-0.2301409999999999,0.91079,upstairs
-2.546251,-1.381637,-2.7971939999999997,-0.620388,-3.735302,0.313173,2.566894,0.248244,-0.105439,0.982163,jogging
-1.964382,-1.43609,1.9369419999999995,-1.396159,1.5564790000000002,-0.76339,1.509792,-0.3396659999999999,-0.1240309999999999,0.990941,upstairs
-2.3838310000000003,-1.321593,0.027143,-1.635315,0.933738,-0.848299,-0.1058279999999999,0.283668,-0.169508,0.969109,jogging
-3.002401,-1.235159,0.4588279999999999,1.042969,-0.575058,0.051528,0.877607,0.031721,-0.045683,0.944201,walking
-3.139432,-1.4287299999999998,0.0072349999999999,-0.016802,0.008327,0.021058,0.006947,-0.074127,-0.000306,0.989926,standing
0.180303,-1.23602,3.292983,-5.397573,1.615679,-0.289556,-0.116481,0.210698,0.05892,0.944484,jogging
1.246734,-0.930458,-0.317325,3.315287,-2.9903310000000003,0.437909,1.626817,0.686063,0.566364,0.801894,jogging
0.917364,-1.399789,-0.264637,1.1598700000000002,0.036257,-0.186471,0.112868,0.055639,0.1351099999999999,0.985414,upstairs
1.31391,-1.465068,-0.319205,0.357566,-0.3408239999999999,0.121931,0.0004269999999999,-0.122205,0.1020679999999999,0.994416,upstairs
0.628127,-1.343698,-0.202665,0.778852,1.300687,0.424143,-0.247822,-0.367363,0.132299,0.974324,downstairs
-3.0130220000000003,-1.396494,-0.1536549999999999,-0.7910699999999999,-0.973068,1.1696950000000002,0.22728,-0.621092,-0.022234,0.984848,upstairs
1.37079,-1.314347,-0.108204,0.023399,-0.790354,-0.310737,0.121326,0.064443,0.248573,0.967297,upstairs
-1.6720720000000002,-1.3448209999999998,0.006,0.041819,0.000265,-0.013656,0.00307,-0.01754,-0.222901,0.974576,standing
0.85369,-0.8027270000000001,-2.517273,2.1028599999999997,-1.587666,-1.206849,-1.306793,1.3661370000000002,0.523637,0.7192529999999999,jogging
1.357102,-1.475935,0.023422,0.0251449999999999,0.011618,0.042429,0.007243,0.037859,0.09226,0.995504,standing
-2.700827,-0.4679029999999999,0.012588,-0.008101,-0.000892,-0.006912,0.001392,-0.005699,-0.380768,0.451016,sitting
1.407455,-1.242538,-3.21375,-2.5399279999999997,-1.497731,0.078231,2.254612,0.701138,0.318101,0.946605,jogging
1.433852,-1.338659,-0.929724,-2.190028,-2.833423,0.548905,1.062392,-0.553585,0.227905,0.973177,walking
0.493989,-1.120627,-0.5790270000000001,0.609525,-2.0433169999999996,-0.528709,-2.322203,0.8734370000000001,0.206306,0.900373,jogging
-0.885566,-1.250982,0.461468,0.33951,-0.232317,-0.512674,0.289628,0.270476,-0.2433989999999999,0.949294,walking
-2.976343,-1.4888709999999998,0.009442,-0.006959,0.0007099999999999,0.000491,0.0036899999999999,0.008365,-0.013461,0.996646,standing
2.5842959999999997,-1.506951,1.3902290000000002,0.418129,0.445874,0.204465,-0.10305,-0.1335849999999999,0.033725,0.997963,upstairs
-1.129359,-1.3005639999999998,3.3801099999999997,-1.819161,1.027506,0.162767,0.296133,0.110605,-0.241365,0.963709,downstairs
1.149068,-0.342121,8.6e-05,-0.002678,0.001077,0.0037549999999999,4e-05,-0.0066319999999999,0.8594959999999999,0.335486,sitting
0.189407,-0.499577,0.096837,0.045708,-0.03499,0.01494,0.022594,0.031704,0.165266,0.479054,sitting
0.284665,-1.098536,-2.56681,-0.65404,-2.231513,0.284835,0.335135,0.786858,0.127748,0.8905420000000001,walking
0.492421,-1.282509,-0.64675,0.099952,0.44296,-0.138103,0.0381699999999999,0.226347,0.134395,0.958732,upstairs
0.239508,-0.821393,-1.043134,-1.254808,-0.572103,-0.331229,-0.6809029999999999,0.348369,0.161597,0.732096,upstairs
0.352819,-0.360103,-0.030177,-0.000703,-0.009457,0.020903,-0.010955,-0.015463,0.323381,0.3523699999999999,sitting
-0.71324,-0.749237,-0.816581,-0.343456,0.269566,0.174457,-0.272969,0.2003599999999999,-0.479068,0.68108,walking
-1.9337,-1.445638,-0.094563,1.095371,-0.1239619999999999,-0.011783,0.014246,0.035797,-0.116696,0.992178,standing
-1.336098,-1.126624,-0.664257,-0.8408549999999999,-0.326154,0.059003,-0.02908,-0.003146,-0.4179199999999999,0.902966,upstairs
-1.58324,-1.051964,3.069681,-0.62324,0.105459,0.412555,0.347879,0.360544,-0.495822,0.868399,downstairs
-0.937245,-0.938643,-1.935818,-0.284444,0.3300599999999999,0.222648,0.8372700000000001,-0.01247,-0.476203,0.806757,walking
0.649552,-0.56292,-0.027507,-0.033479,0.011186,-0.006195,0.002826,-0.020034,0.511505,0.5336569999999999,sitting
1.386013,-1.15907,2.763357,-1.287367,0.378434,-0.4268119999999999,-0.593113,0.0366149999999999,0.393365,0.916431,jogging
0.490289,-0.946471,-0.0062829999999999,-0.652908,1.69807,-0.451629,0.359663,0.088532,0.275252,0.811358,downstairs
1.128424,-1.029179,-0.1036359999999999,-0.658756,-0.408865,-0.524564,-0.39043,0.2751139999999999,0.465894,0.856876,downstairs
-0.24749,-1.04665,-1.7810669999999995,0.876459,-0.026731,-0.084949,-0.145308,0.409094,-0.122601,0.865751,jogging
-2.625796,-0.8557530000000001,3.984497,1.080493,2.027859,-1.017359,0.848542,-0.8907079999999999,-0.323385,0.755065,jogging
-0.375792,-1.301208,-0.7269720000000001,-1.613974,1.367153,0.6413770000000001,-0.341932,0.146129,-0.097737,0.963881,downstairs
1.474461,-1.241599,0.039336,0.0137069999999999,-0.007102,-0.001382,0.007723,0.007412,0.321771,0.946302,standing
0.8801540000000001,-1.142717,-1.766907,-2.263424,-1.6502419999999998,0.8271629999999999,0.791926,-0.4233729999999999,0.3199929999999999,0.909765,walking
2.464302,-1.426365,-0.012792,0.239139,-0.072321,-0.040104,0.0304009999999999,-0.0333339999999999,0.090199,0.989588,standing
-1.5967049999999998,-1.284352,1.922719,1.119945,1.880836,0.389196,-0.62585,-0.23939,-0.282445,0.959255,jogging
-2.060216,-0.5844199999999999,0.010303,0.009713,0.003124,-0.00454,-0.018878,0.021805,-0.736121,0.551715,sitting
0.637137,-0.433409,-0.007484,0.00391,-0.003725,0.000651,-0.007888,-0.011454,0.539892,0.419967,sitting
-0.003016,-1.153303,2.395813,-6.17888,0.04567,-0.242521,0.423386,0.503415,-0.001223,0.914108,downstairs
2.9124380000000003,-1.024581,-0.453064,-0.861873,-0.490302,0.320534,0.40533,0.862017,0.117989,0.854497,walking
1.327028,-1.253282,-1.45812,0.082195,0.091938,-0.519762,-0.07506,-0.104458,0.302965,0.950014,downstairs
-0.008463,-0.989881,-0.0111,-0.007334,0.002613,0.0422569999999999,0.013557,-0.000488,-0.004645,0.8359610000000001,sitting
-1.991415,-0.120796,3.0453900000000003,-2.622184,-0.7503310000000001,1.798943,0.498668,-0.6661520000000001,-0.906182,0.120503,jogging
1.257954,-0.358774,-0.651361,-0.075375,-0.6469229999999999,-0.672553,-0.200125,0.309651,0.890875,0.351126,jogging
1.993714,-0.8205819999999999,-0.105957,-4.125249,1.200483,-0.695729,-0.872168,-0.390275,0.621708,0.731543,jogging
-2.880089,-0.4289489999999999,-0.00154,0.000566,0.003313,-0.00993,-0.014929,-0.003271,-0.235111,0.415915,sitting
-0.55092,-1.385825,-1.522602,-0.068272,-0.712446,-0.27986,-0.377061,0.342889,-0.0962539999999999,0.982942,walking
-0.203154,-1.14422,-0.585634,-0.206814,0.1072859999999999,-0.668279,-0.120593,1.024964,-0.083475,0.910388,walking
0.097111,-1.3618059999999998,-1.230206,2.43538,-1.922747,-0.43033,0.133652,0.600061,0.020113,0.978241,upstairs
-2.69,-1.251315,-2.497587,-0.4772189999999999,-0.289542,-0.07211,0.149326,-0.665959,-0.1370579999999999,0.949399,jogging
-1.39111,-1.105031,-0.517913,-1.258804,0.168924,0.150728,-0.040893,0.028276,-0.441866,0.8934780000000001,upstairs
-2.428403,-1.372661,-0.836569,-1.358776,-0.100279,0.015641,-0.864926,-0.072016,-0.128724,0.980435,walking
0.207252,-1.056192,-0.917156,2.226648,-0.2219989999999999,0.0470379999999999,0.850658,0.245263,0.1012779999999999,0.8704879999999999,walking
-2.380501,-1.349013,1.459236,1.988845,-0.7500220000000001,0.110726,0.926318,-0.546295,-0.151696,0.975507,jogging
-2.917309,-0.133713,-0.006339,-0.000995,0.002525,-0.0138,0.0053409999999999,-0.007814,-0.220423,0.133315,sitting
-0.292533,-1.529302,2.113796,-0.501366,0.666797,0.009209,-0.510538,0.8196040000000001,-0.011956,0.999139,jogging
2.781993,-1.439307,0.015078,0.045425,0.008088,0.00662,0.0135909999999999,-0.013965,0.046099,0.991368,standing
-2.4258189999999997,-1.443226,5.581731,6.8555600000000005,3.45758,0.579257,-0.576408,-1.492663,-0.083453,0.991874,jogging
1.040382,-1.460914,0.0259839999999999,0.060987,0.001424,0.003424,-0.0026969999999999,0.066801,0.094416,0.993969,standing
-2.02663,-1.378168,-0.6846979999999999,0.459018,0.245092,0.050705,-0.16876,-0.10414,-0.17189,0.981504,upstairs
-3.049559,-1.484595,-0.285258,-0.125976,0.009656,0.022528,0.0155539999999999,-0.011142,-0.007895,0.996287,upstairs
0.408387,-0.398053,0.001689,0.00365,0.001024,0.002724,0.006007,-0.01097,0.366081,0.3876239999999999,sitting
-0.171026,-1.0074379999999998,-3.829173,2.758727,-0.218648,-0.321832,-0.002891,0.353686,-0.090887,0.8454659999999999,upstairs
-2.043643,-0.63776,0.0045509999999999,0.0216349999999999,0.010089,-0.013821,-0.022964,0.002737,-0.715275,0.5953970000000001,sitting
3.132736,-1.046002,-0.558825,1.818793,0.070379,-0.344876,-0.711542,-1.682899,0.004437,0.8654270000000001,jogging
0.222817,-0.471145,0.000441,-0.000495,0.000364,-0.0034969999999999,0.000332,-0.008039,0.196902,0.4539069999999999,sitting
0.058299,-1.339568,1.586375,1.165357,0.064117,-0.224778,0.181354,0.2486969999999999,0.013352,0.973386,walking
-1.592942,-1.229762,0.02198,-0.061648,0.017311,-0.005182,0.0100439999999999,-0.018316,-0.334356,0.942409,standing
-2.710595,-0.464872,-0.006662,-0.00216,0.003585,-0.016314,0.0110879999999999,-0.019881,-0.373442,0.448308,sitting
-0.210934,-1.295241,-1.332473,-0.402841,1.105153,1.084704,1.335226,-1.282014,-0.056963,0.962274,jogging
-1.1972459999999998,-1.290166,-0.8652709999999999,-0.591016,-2.9587950000000003,0.18024,0.551036,-0.046132,-0.257862,0.960881,walking
-2.1764,-1.338572,0.012801,0.02137,0.0192789999999999,-0.02118,-0.008679,0.04771,-0.189177,0.973157,standing
-0.191646,-1.330143,1.445196,-0.272776,-0.613242,0.11764,-0.044364,0.134613,-0.045389,0.971183,walking
-0.577203,-1.35128,-0.970114,-0.918743,1.347818,-0.0573529999999999,0.1441599999999999,-0.080874,-0.118825,0.976003,jogging
-1.973154,-1.354654,0.080744,0.229108,0.009244,-0.056442,0.034987,-0.051952,-0.19719,0.976732,standing
-0.5253,-1.150356,1.390042,-0.934115,-0.509732,-0.012013,0.702584,-1.753019,-0.204677,0.912909,downstairs
-1.416829,-1.421459,0.004176,-0.09525,-0.004617,0.007969,0.012015,0.007116,-0.147023,0.98887,standing
0.961924,-1.230711,-0.86488,0.125968,-1.105467,0.270978,-0.298805,-0.299356,0.273609,0.942726,downstairs
0.4442029999999999,0.009758,-0.000315,-0.002143,-0.002291,0.003693,0.000679,-0.001707,0.429718,-0.009758,sitting
-2.08668,-0.440766,0.000682,-0.00089,0.000932,0.008642,0.0030399999999999,0.009778,-0.786718,0.4266319999999999,sitting
1.969925,-0.321441,-0.111206,0.883869,-0.704205,-0.1416079999999999,-1.018586,-0.3556,0.8741979999999999,0.315934,jogging
-1.930521,-1.139849,2.656589,-1.715826,0.8176399999999999,1.026965,-0.587525,-1.186523,-0.390994,0.90857,downstairs
-3.074245,-1.263733,-0.138616,1.320182,-0.956605,-0.4938659999999999,1.7107150000000002,-0.5810890000000001,-0.02034,0.953225,downstairs
-2.118963,-1.0152139999999998,1.521006,-1.908912,5.337064,2.413278,-1.637145,0.0014759999999999,-0.450159,0.849593,jogging
0.845412,-0.972451,-0.213535,-1.18905,0.118862,-0.414095,-0.425039,0.374435,0.421465,0.826269,downstairs
0.843566,-1.368226,1.102585,-1.081251,0.0355759999999999,-0.038939,-0.210311,0.160781,0.150283,0.979553,upstairs
0.536169,-0.426355,0.010281,0.055432,-0.212088,-0.012509,-0.003414,-0.009553,0.4651149999999999,0.413555,sitting
2.785398,-1.117367,-0.027898,-2.611675,-0.80762,0.220523,-0.102197,-0.217408,0.152753,0.89895,downstairs
0.091852,-0.119545,-0.0034189999999999,0.0016589999999999,-0.002306,0.005504,0.010516,-0.004059,0.091069,0.1192599999999999,sitting
0.563693,-0.6810689999999999,0.0029519999999999,-0.002496,0.0058,0.004526,-0.008241,-0.019902,0.415106,0.629624,sitting
0.904623,-0.8929219999999999,2.766769,-0.419643,-0.1809329999999999,0.484546,1.958168,-0.503608,0.493039,0.778908,walking
0.806036,-0.373636,-2.2170799999999997,2.670454,0.7516,-0.385966,0.587039,-1.005585,0.671763,0.365003,walking
1.883002,-1.262743,-0.04878,-0.844399,-0.0327,0.154288,-0.123397,0.081605,0.288522,0.952926,downstairs
0.529412,-1.149147,-0.951772,-1.254846,-0.710138,-0.096481,-0.370759,0.094967,0.20668,0.912415,walking
2.09646,-1.176948,-1.496927,2.455333,-1.047757,0.6020810000000001,0.267906,0.031181,0.331909,0.923439,walking
2.478215,-1.299967,0.004492,0.025366,0.004427,-0.020863,-0.0031,0.009105,0.164738,0.963549,standing
-0.5615439999999999,-1.104804,-0.5807859999999999,0.926833,1.071519,-0.158944,-0.38242,0.175622,-0.23925,0.8933760000000001,downstairs
1.022106,-1.070386,1.564011,-1.622673,2.7914369999999997,-0.07522,-0.289953,-0.035174,0.409357,0.8773860000000001,walking
-2.875429,-0.998642,1.6094959999999998,-1.029002,0.348539,0.438403,-0.739479,-1.300133,-0.142413,0.840736,jogging
0.808254,-1.136634,-1.208918,-0.468354,-0.560107,-0.048373,-0.51878,-0.058544,0.304141,0.907223,upstairs
-1.069593,-1.066749,-3.568654,-0.727238,0.2745039999999999,-0.296714,0.197851,0.00946,-0.423562,0.875635,downstairs
-0.081915,0.047139,-0.000749,0.000505,0.006701,-0.001717,0.025424,-0.004689,-0.081733,-0.047122,sitting
-2.601191,-1.472146,0.337657,0.057646,0.12521,-0.012689,0.037348,0.011714,-0.050666,0.995138,standing
-1.413042,-1.194811,-0.012475,0.018851,-0.005926,-0.010844,0.007293,0.042335,-0.36263,0.930146,standing
-2.165463,-1.357834,-0.820385,0.689621,0.259867,-0.146422,-0.0875929999999999,0.0433259999999999,-0.175019,0.977409,upstairs
-0.3117,-1.314863,0.467763,0.096742,-0.4296689999999999,0.260418,-0.271321,0.05871,-0.077633,0.967427,downstairs
0.810605,-0.892409,-1.974517,-1.026138,-0.808389,-0.910952,-1.355643,0.66875,0.454775,0.778586,jogging
0.8434659999999999,-0.981363,2.62029,-0.5718,2.616221,-0.8077439999999999,0.321301,-0.269953,0.4152119999999999,0.831256,upstairs
-0.261313,-1.173696,0.7669779999999999,0.2185639999999999,0.209671,-0.120696,0.575769,-0.134959,-0.099915,0.922186,downstairs
-0.011167,-1.367692,-0.5868439999999999,0.090124,0.396534,-0.107307,-0.020781,0.192197,-0.002251,0.979445,walking
1.579577,-1.105278,2.265155,-1.672589,0.0126579999999999,-0.339336,0.5611229999999999,0.168971,0.448833,0.893589,walking
-2.284006,-1.4677209999999998,5.98404,-2.684112,0.330995,-1.773261,3.98744,0.075771,-0.077752,0.994692,jogging
0.7540560000000001,-1.353514,0.051921,0.083869,-0.000325,-0.009204,0.016509,0.055975,0.147372,0.976487,standing
2.5056529999999997,-1.474581,0.148015,-0.313246,-0.680367,-0.149779,-0.337569,-0.132302,0.0570059999999999,0.995375,upstairs
-1.007595,-1.363156,-1.628613,-0.3909579999999999,-0.423407,0.445646,0.177715,-0.736939,-0.174284,0.97852,downstairs
0.623854,-1.470324,0.0270209999999999,0.05785,-0.008292,-0.036022,-3.8e-05,0.007439,0.058575,0.994957,standing
-2.894703,-1.327498,3.724122,1.7063259999999998,0.309055,0.177191,-0.322325,-0.123524,-0.058875,0.970549,downstairs
0.5663189999999999,-0.338626,-0.002408,-0.004027,0.004979,-0.00072,0.000801,-0.009217,0.506061,0.332192,sitting
-2.670577,-0.081094,-0.0006799999999999,0.014632,0.0022719999999999,0.002044,0.005864,0.00327,-0.4523,0.081005,sitting
1.292037,-0.904064,-1.512685,1.431756,-0.259293,-0.0946019999999999,-0.081577,-0.0600299999999999,0.594541,0.7858470000000001,downstairs
1.525343,-1.268865,-0.22359,1.578831,0.344515,0.045583,-0.74932,-0.066384,0.297053,0.954764,jogging
-1.2016440000000002,-1.173912,0.071417,1.158235,0.282037,0.373565,-0.293028,0.198621,-0.360473,0.92227,walking
0.858671,-1.399468,-0.066088,-0.086251,0.003007,0.010419,0.009804,0.014158,0.1287869999999999,0.985359,standing
-0.758984,-1.441015,1.123456,-1.496113,0.459879,0.081342,-0.212141,-0.573934,-0.089063,0.99159,downstairs
-2.93059,-1.1896799999999998,-0.59868,0.0150509999999999,0.370063,0.366431,-0.405057,0.100851,-0.077902,0.92825,upstairs
-0.13718,-1.1005,0.735631,-1.026012,-0.447672,-0.1433849999999999,-0.381943,0.28452,-0.0619679999999999,0.8914340000000001,upstairs
-0.08031,-1.310714,1.881785,-2.708704,1.78092,-0.142227,-0.490401,0.391737,-0.02063,0.966369,walking
-0.307951,-1.198446,-0.305148,-0.446714,-0.14451,0.081704,0.1041849999999999,0.6107779999999999,-0.1102539999999999,0.931475,walking
-1.950437,-1.439399,-0.8213219999999999,1.024652,0.344915,-0.1804059999999999,-0.232209,-0.0977929999999999,-0.121688,0.99138,upstairs
-0.482488,-1.399348,-0.471293,0.715646,0.704791,0.088222,-0.17055,0.022819,-0.0791429999999999,0.985339,upstairs
0.1157849999999999,-1.282944,-0.436613,-0.746827,-0.4276899999999999,-0.044683,-0.825677,0.222294,0.032797,0.958856,jogging
1.280791,-0.94921,1.841847,-2.871539,2.536099,1.232069,0.661089,-0.310823,0.558,0.812956,jogging
-0.129368,-0.897001,2.066584,-4.347533,0.02938,-0.6194109999999999,-1.328395,1.588983,-0.080494,0.781459,jogging
0.500379,-1.073169,-1.959967,1.7528290000000002,-0.66387,-0.348088,0.445806,0.419827,0.229008,0.878718,walking
-1.174268,-0.8660700000000001,1.147669,-0.475095,-0.115239,0.236284,-0.506418,0.040826,-0.597536,0.761789,downstairs
-0.012059,0.05218,-0.0009789999999999,-0.00066,0.01074,0.013065,0.0155039999999999,-0.007995,-0.012043,-0.0521559999999999,sitting
-1.773657,-1.115534,0.0252569999999999,-0.037973,-0.000293,-0.01116,0.006182,0.018507,-0.430643,0.8981459999999999,standing
-2.174123,-1.440299,3.663,-0.630903,-1.540017,-0.032808,0.273136,-0.0783659999999999,-0.107024,0.991497,upstairs
-0.50262,-1.314216,-0.0788919999999999,0.489139,-0.135068,-0.258976,0.549048,-0.468113,-0.122235,0.967263,downstairs
-1.340492,-1.13904,0.724223,-0.3200429999999999,0.02905,0.297501,-0.104918,-0.1019289999999999,-0.407395,0.908232,downstairs
0.962147,-0.996671,-0.426907,-0.8750969999999999,2.155988,0.370192,0.213754,-0.158739,0.445558,0.839667,downstairs
0.428502,-0.386417,0.002318,0.0050479999999999,-0.015527,0.013902,0.004522,-0.013528,0.384871,0.376872,sitting
0.606931,-0.844066,1.466929,-1.319152,1.141723,-0.269241,-0.285086,0.077404,0.378952,0.747351,upstairs
1.118768,-1.32455,-0.90463,1.033597,0.3522139999999999,-0.022996,0.307296,-0.450722,0.21927,0.969834,downstairs
1.435843,-1.3896700000000002,0.412128,-0.216916,-0.688955,-0.080214,-0.25183,-0.183061,0.178451,0.983642,downstairs
-0.7392989999999999,-0.65171,-2.947261,-0.183153,-0.0342079999999999,-0.045012,0.070547,0.134838,-0.535676,0.6065470000000001,upstairs
0.635024,-1.129802,-1.3278299999999998,-1.01921,-0.121228,-0.186882,-0.4164279999999999,0.133024,0.253197,0.904328,downstairs
-2.2470220000000003,-1.236289,-1.95472,0.208129,-0.890067,0.28012,-0.018409,-0.052671,-0.2560409999999999,0.944572,walking
-0.978928,-1.423624,0.001564,-0.050601,0.003103,-0.006719,-0.000634,-0.064177,-0.121683,0.98919,standing
-2.561156,-1.134225,4.192978,-0.787607,2.2528330000000003,0.18215,-0.749865,-0.065941,-0.231878,0.906207,downstairs
-1.036553,-1.426891,-0.048103,-0.0663049999999999,-0.010638,0.003761,0.006629,-0.052439,-0.12342,0.989663,standing
1.996235,-1.391207,0.034457,0.1045619999999999,0.004492,0.025358,0.00235,-0.039339,0.162691,0.983917,standing
0.388902,-1.05146,-0.6536390000000001,-1.001943,-0.800275,0.110789,-0.16095,0.032266,0.188176,0.868149,walking
0.668333,-0.507269,0.000101,0.004691,0.001187,0.009014,-0.01335,-0.012647,0.5416449999999999,0.485792,sitting
-1.742781,-0.952097,0.740579,1.638918,-0.2848159999999999,0.864526,0.075137,-0.678312,-0.571419,0.814634,jogging
-0.59542,-0.850484,3.348755,-0.855259,2.0802549999999997,-0.535108,2.313632,-0.0326129999999999,-0.369952,0.7516,jogging
-0.345417,-0.714186,-1.197011,2.626284,1.046531,0.300097,0.886791,-0.182149,-0.255846,0.6550020000000001,upstairs
0.543986,-0.241339,-0.003681,-0.0021449999999999,0.001834,-0.00571,0.003489,-0.007234,0.502552,0.239003,sitting
2.1613450000000003,-0.690211,-1.41271,-1.745854,0.38138,0.041134,0.125202,0.412281,0.6405069999999999,0.6367,downstairs
0.563,-0.9327,2.450741,1.735993,0.826577,0.078563,0.410331,0.225012,0.317921,0.803231,walking
-2.3698509999999997,-0.380711,0.007154,-0.026241,-0.001857,-5.5e-05,0.003267,0.0004349999999999,-0.647452,0.371581,sitting
-2.14712,-1.348668,-0.395973,3.188296,0.476667,-0.020155,-0.002103,-0.456962,-0.1847099999999999,0.975431,upstairs
-0.710441,-1.305126,1.291209,-0.0801019999999999,-0.785409,-0.010423,-0.009228,0.03113,-0.171218,0.964917,upstairs
0.875396,-1.304169,-3.200393,3.34119,-0.578195,-0.953163,-1.614445,0.6969420000000001,0.202293,0.964665,jogging
-2.171251,-1.384153,-0.945116,-0.1058009999999999,-0.04318,-0.17521,-0.038236,-0.082234,-0.153083,0.982633,upstairs
-2.05019,-1.514329,0.0251139999999999,0.241328,-0.009954,-0.010066,-0.00335,0.024983,-0.050008,0.998406,standing
-2.405732,-0.231867,-0.011319,-0.004732,0.004987,-0.00415,0.003253,0.001976,-0.6532600000000001,0.2297949999999999,sitting
1.480979,-1.266281,-0.8696809999999999,-0.338318,-0.2185389999999999,-0.288831,-0.376295,0.090461,0.298612,0.953992,downstairs
3.101891,-1.507005,0.148612,0.077223,-0.002496,0.015474,-0.00088,0.002844,0.002516,0.997966,standing
-2.02891,-1.4047120000000002,0.213201,-0.1095119999999999,0.137017,-0.066345,0.040128,0.023018,-0.1482089999999999,0.98624,standing
-1.529493,-1.14555,-0.2100389999999999,0.1735539999999999,-0.068288,0.055424,-0.03551,0.064091,-0.412159,0.910937,standing
1.072271,-1.334084,0.11702,-0.570963,-0.117434,-0.008384,-0.111259,-0.161716,0.2059239999999999,0.972114,downstairs
2.715897,-1.046491,2.139443,-1.506683,0.681126,-0.085896,-0.596797,-0.638213,0.206715,0.8656719999999999,downstairs
1.036305,-1.115307,-0.775539,0.275945,-0.395552,-0.390579,-0.356389,0.058446,0.37851,0.8980459999999999,downstairs
1.537585,-1.324934,0.265579,-0.943117,0.8230569999999999,1.028424,0.663129,-0.5772619999999999,0.243228,0.969928,upstairs
-0.1327,-1.400889,-0.8736870000000001,-1.190656,0.336458,0.005753,-0.328771,-0.045598,-0.0223699999999999,0.9856,walking
-0.6180720000000001,-1.2788469999999998,-0.029029,0.052769,-0.02729,-0.006879,-0.0033079999999999,0.033632,-0.166751,0.957685,standing
-0.226083,-1.447894,0.749463,0.797487,0.289066,0.361236,-0.453517,-0.082644,-0.027481,0.992457,downstairs
-1.227091,-1.432118,0.142458,-0.298913,0.006531,-0.004335,0.002261,0.04993,-0.129698,0.9904,standing
-0.978569,-1.423721,-0.002564,-0.01699,-0.000833,-0.004047,0.001946,-0.060827,-0.1215789999999999,0.989204,standing
0.488301,-1.379915,2.603381,-0.909066,-0.149904,-1.258905,1.25092,2.5089240000000004,0.088998,0.981837,jogging
-2.1850099999999997,-1.292369,-6.125411,1.600885,-4.03084,-0.485493,1.296385,0.061771,-0.22459,0.961489,jogging
0.796059,-0.089516,-0.00025,0.001038,-2.1e-05,-0.009898,0.002568,-0.013541,0.711742,0.089397,sitting
0.629492,-0.4279729999999999,0.000871,-0.002581,-0.0023079999999999,0.003549,0.0016589999999999,-0.005224,0.535636,0.4150279999999999,sitting
0.109191,-0.8951399999999999,-0.773778,0.711117,-0.1660839999999999,-0.043724,-0.324044,-0.06786,0.0681539999999999,0.780297,upstairs
0.57192,-0.665741,0.011502,-0.0034119999999999,0.001101,0.009771,-0.001431,-0.006618,0.4256689999999999,0.617642,sitting
-0.263503,-1.388315,0.0258459999999999,-0.4958609999999999,0.0839179999999999,-0.011602,0.012423,0.020803,-0.047267,0.983396,standing
-3.061711,-1.514323,0.078614,0.249204,-0.0434,-0.038038,-0.024163,-0.01479,-0.004504,0.998406,standing
1.51315,-1.2586389999999998,0.013057,0.2301639999999999,0.043336,-0.024128,-0.014555,0.006356,0.306583,0.951673,standing
1.252754,-1.458624,-0.005839,0.070424,-0.003642,0.011767,-0.004961,0.033152,0.106214,0.993715,standing
0.067213,-0.20583,-0.002932,0.005297,-0.00971,0.008367,0.027935,0.000592,0.065745,0.20438,sitting
1.267736,-1.323525,-1.7463959999999998,-0.8720399999999999,-0.215002,0.551251,-0.099207,0.185116,0.233585,0.969584,jogging
0.5696319999999999,-1.367949,1.255015,-0.437306,0.373537,-0.045473,0.095332,-0.059564,0.108645,0.979497,upstairs
1.210562,-1.300785,-2.441618,-0.5978020000000001,0.991983,0.007894,-0.290092,0.127067,0.249598,0.963768,upstairs
-2.5566020000000003,-1.2159,-0.607777,-0.380252,-0.254625,-0.197794,0.173264,0.231954,-0.191854,0.937682,downstairs
-0.08512,-1.469897,-3.540478,1.839074,-0.1445,0.284051,-0.26884,0.420804,-0.008554,0.994914,downstairs
-0.1401089999999999,-1.212322,-5.520425,0.421245,3.849968,0.172866,1.30815,-0.394052,-0.048995,0.936433,jogging
-2.009318,-1.35277,1.05905,0.1226849999999999,0.017649,-0.051878,-0.067147,0.004685,-0.195803,0.976326,upstairs
1.162667,-0.524467,1.946557,0.101293,-0.946117,1.0878,0.565822,-1.884038,0.7944939999999999,0.5007520000000001,jogging
0.6164430000000001,-1.357811,0.953981,0.953514,-0.3879559999999999,0.039273,0.215528,0.312473,0.122196,0.977404,downstairs
-1.425869,-1.250771,-1.2068530000000002,0.930793,-0.113601,-0.06175,0.20452,-0.119684,-0.311281,0.949227,upstairs
-0.6054430000000001,-1.405318,-2.7748,-4.67557,0.391417,-0.041076,0.093159,-0.508221,-0.093735,0.98634,downstairs
0.784375,-1.433261,1.314718,0.576109,0.695754,-0.102259,-0.016024,-0.059851,0.096812,0.990557,walking
2.453724,-1.506798,-0.576566,-0.035116,-0.585866,0.107777,0.206652,0.05382,0.0406,0.997953,upstairs
0.366088,-1.283196,-0.736306,-1.61007,0.614306,0.575485,0.574535,-0.753501,0.101532,0.958927,downstairs
-0.448122,-1.216784,-1.31007,-2.896791,0.5190239999999999,0.600204,0.201735,0.208688,-0.150192,0.937989,walking
1.149357,-1.408926,0.0137849999999999,-0.01779,0.027101,-0.027419,0.0133169999999999,0.050107,0.147033,0.986928,standing
-1.480443,-1.0775629999999998,2.233423,0.708724,0.250906,0.407916,-0.00306,-0.246783,-0.471545,0.880807,upstairs
0.475431,-0.909086,-1.141537,1.403474,0.988312,-0.03069,0.110197,0.139245,0.281254,0.788942,downstairs
-0.052749,-0.236811,0.005023,-0.007389,-0.000678,0.030044,0.030838,0.002019,-0.051253,0.234604,sitting
1.061693,-1.0708950000000002,0.19944,0.242955,0.3995849999999999,-0.067402,0.474009,-0.019554,0.418537,0.8776299999999999,downstairs
-2.708139,-0.3783849999999999,0.18039,-0.460325,-0.292026,0.20121,-0.823369,-0.3588119999999999,-0.390297,0.3694199999999999,upstairs
-0.983825,-1.279433,0.017762,0.057785,-0.026032,0.01115,-0.000761,-0.004326,-0.239178,0.957853,standing
0.191124,-0.925904,0.461614,-2.115052,0.222254,-0.312141,-0.562867,0.341217,0.114189,0.799165,downstairs
-2.2044650000000003,-1.247507,-0.474696,-0.4112189999999999,-0.558575,0.233226,0.427094,-0.306361,-0.255992,0.948196,downstairs
-2.716931,-1.396893,0.108194,0.216542,-0.153988,-0.0525809999999999,-0.016045,-0.019107,-0.071275,0.984917,standing
-0.116631,-1.279342,0.014581,-0.00847,0.053341,0.011816,-0.003176,-0.011391,-0.033437,0.957827,standing
-0.148394,-1.00753,-1.036779,0.2487349999999999,0.055225,-1.048543,-2.152156,1.91361,-0.078944,0.845515,walking
1.3982709999999998,-1.25017,0.163522,0.190843,-0.076053,-0.010513,0.04173,0.058077,0.310425,0.949038,standing
0.356394,-0.351472,-0.022184,0.014215,0.005724,0.0025559999999999,-0.00642,0.0067769999999999,0.3275679999999999,0.34428,sitting
-2.560384,-1.28311,-0.515642,1.7522529999999998,-0.458125,0.601358,-0.796549,-0.702769,-0.155771,0.958903,jogging
1.149424,-0.515207,0.8668530000000001,-3.085317,4.751468,0.711929,1.642997,-0.227869,0.794068,0.4927149999999999,upstairs
-0.062618,-0.874361,-0.415667,-0.047658,0.457512,-0.0318339999999999,0.061037,0.018526,-0.040142,0.767134,downstairs
-0.4528819999999999,-0.691612,0.892726,-0.8400700000000001,-0.907492,0.020881,-0.268288,0.320176,-0.337013,0.637779,upstairs
-2.403339,-0.2356849999999999,0.000328,0.010539,-0.011031,0.00265,0.011226,-0.005,-0.654383,0.23351,sitting
-0.986399,-1.444915,-0.67237,0.363811,-0.254135,0.276873,-0.215171,-0.106977,-0.1046619999999999,0.992087,upstairs
0.958942,-0.743559,0.002667,0.00011,0.0011949999999999,-0.0040149999999999,0.014754,0.002432,0.602526,0.676912,sitting
1.556658,-1.408953,-0.2868429999999999,1.718375,-0.4241569999999999,0.0547659999999999,-0.034982,0.123707,0.161084,0.986932,upstairs
-1.59051,-1.364428,0.031742,-0.018386,-0.004794,-0.02223,0.004815,0.001469,-0.204866,0.978782,standing
0.065096,-1.400831,-0.010795,-0.187598,0.024873,0.041731,0.008947,0.002484,0.011003,0.985591,standing
-1.387923,-1.181457,-0.014652,-0.040027,-0.02335,-0.049608,-0.008641,0.116421,-0.373244,0.92516,standing
1.071784,-1.33487,2.041836,-0.189831,1.8239849999999995,0.675535,-0.2898489999999999,0.002267,0.205232,0.972298,downstairs
-2.375594,-1.238404,-0.140337,0.0781299999999999,-0.0150879999999999,0.046596,0.086993,-0.101369,-0.226207,0.945265,standing
1.019965,-0.902269,-0.8384149999999999,0.011349,0.349887,0.183026,-0.188315,-0.098884,0.528141,0.7847350000000001,downstairs
0.5353640000000001,-1.085761,-1.2897299999999998,0.4699319999999999,0.359846,1.13036,2.141419,-1.576541,0.23785,0.884659,walking
0.181081,-1.288628,2.613267,-1.818689,0.243453,-0.024663,0.085094,0.0692049999999999,0.050145,0.960454,downstairs
1.528446,-1.367749,-0.012775,0.011431,0.007929,0.03899,0.001241,-0.026632,0.201153,0.979457,standing
1.280424,-0.870325,-1.615424,1.328374,-1.408463,0.246806,-0.416043,-0.5082479999999999,0.61759,0.764538,upstairs
0.765882,-0.094961,-0.0032909999999999,0.0034159999999999,0.00213,-0.002092,0.002502,-0.004995,0.69005,0.094819,sitting
-2.921951,-1.219405,-0.092175,2.282571,-0.1822359999999999,0.161083,1.684076,0.213059,-0.0749919999999999,0.938895,jogging
-0.324641,-1.024965,-1.035443,-1.541284,0.008422,0.105816,-0.711248,0.554037,-0.1655849999999999,0.8546959999999999,walking
-2.479755,-0.157673,-0.040275,0.029837,0.028591,0.0070079999999999,-0.0108709999999999,0.007428,-0.606938,0.15702,sitting
-0.439009,-1.186339,-1.232961,-0.692767,-0.486476,-0.054134,-0.336731,0.116875,-0.159412,0.927002,downstairs
-2.114794,-0.90212,-3.199763,1.340242,-2.222602,0.8335110000000001,-0.306845,-0.921721,-0.530456,0.784643,downstairs
-2.1091029999999997,-1.363447,2.605085,0.111475,-1.208385,0.4153239999999999,0.296353,0.129487,-0.176753,0.97858,downstairs
1.67336,-0.997291,-1.375502,-1.591679,-0.8773790000000001,-0.025906,-0.2975239999999999,0.0105659999999999,0.539715,0.8400040000000001,downstairs
1.286508,-1.3471879999999998,-1.640396,-1.049988,-0.124206,0.3720179999999999,2.087381,0.148617,0.212836,0.975104,downstairs
0.526523,-0.625904,0.91716,-1.3017,0.009519,-0.2737219999999999,-0.079086,0.014206,0.407267,0.585831,upstairs
1.120162,-1.212682,-2.318766,-0.281066,-1.579865,-0.173049,-0.038305,-0.217944,0.31549,0.936559,downstairs
1.153534,-0.335319,-0.003153,0.000638,0.002237,0.008968,0.0064099999999999,0.001112,0.8632850000000001,0.32907,sitting
0.091184,-0.205961,0.012544,0.011862,0.010761,0.008935,0.0138,-0.0003,0.089133,0.204508,sitting
-0.759934,-1.411609,1.822939,0.1812089999999999,0.573318,-0.093558,-0.7931729999999999,0.180275,-0.10917,0.987356,downstairs
0.667652,-1.223274,-2.503258,-0.461287,-0.1151599999999999,0.314823,0.303173,0.618526,0.210858,0.94022,downstairs
-2.838986,-1.3373469999999998,0.292607,-1.503426,-0.12061,0.121338,1.218471,0.773061,-0.068939,0.972874,walking
1.401589,-1.418663,-0.164044,1.775909,-1.046142,0.419883,-0.301423,-0.3628369999999999,0.149347,0.98845,walking
1.7478200000000002,-1.468037,0.569866,-0.124498,-0.100657,0.1692789999999999,-0.190541,-0.138864,0.100954,0.994725,downstairs
-1.713952,-1.405822,-0.620826,0.157133,0.462543,-0.0996,0.034802,-0.009224,-0.162546,0.986423,downstairs
0.530877,-0.222856,-0.003153,0.000428,0.000246,-0.006815,0.026741,1.7e-05,0.493768,0.221016,sitting
-2.672606,-0.0920309999999999,-0.009242,-0.049741,0.020062,0.0081599999999999,-0.009504,0.002221,-0.4500699999999999,0.091901,sitting
-0.3547889999999999,-0.473718,-0.67411,0.299639,0.071849,-0.037116,-0.198416,-0.025072,-0.309136,0.4561979999999999,upstairs
-0.00909,0.045416,-0.004152,0.007986,-0.000159,0.002,0.013174,-0.001088,-0.00908,-0.045401,sitting
0.943617,-0.896598,0.682979,-1.314604,0.3599719999999999,-0.626274,-0.2151679999999999,0.3226239999999999,0.505455,0.781208,walking
-1.287768,-1.389325,-0.458279,-0.819739,0.53892,0.032256,0.188555,-0.689244,-0.173278,0.983579,downstairs
0.033461,-1.12906,1.395711,-1.967285,1.028899,-0.078084,-0.180836,0.364771,0.014302,0.904011,downstairs
1.053227,-1.451862,1.546492,-0.867224,0.731727,-0.431593,0.4221189999999999,-0.257358,0.103071,0.992936,upstairs
-2.721197,-1.403643,1.869169,3.066321,-0.435531,-0.3504739999999999,0.80828,-0.191308,-0.0678769999999999,0.986062,jogging
-1.291516,-1.139334,-0.28033,-0.880764,0.067497,0.075599,-0.4752189999999999,0.204295,-0.40197,0.908355,walking
-0.656895,-1.421219,-0.013353,-0.060232,0.002539,0.034937,0.0100209999999999,-0.116123,-0.090754,0.988834,standing
0.932417,-0.8416389999999999,-0.131889,1.143107,0.959056,0.243188,0.2938449999999999,-0.374175,0.535026,0.745736,downstairs
1.241843,-1.360128,0.361041,0.3880949999999999,0.571045,-0.390873,-0.531175,0.317598,0.197803,0.977891,jogging
0.34812,-0.952195,-2.132419,2.725576,0.780511,-0.168932,-0.3538139999999999,-0.046954,0.197817,0.8146899999999999,walking
-2.053818,-0.578542,-0.004302,-0.011807,0.000814,-0.002081,-0.016271,0.010548,-0.741464,0.5468029999999999,sitting
-1.593898,-1.364275,-0.473732,-0.620223,0.687581,0.034906,-0.305044,0.157861,-0.204981,0.97875,downstairs
-2.181627,-1.491701,1.6832200000000002,1.732249,-0.449133,-0.458537,0.314055,0.004776,-0.064596,0.996874,upstairs
-2.387022,-1.3884379999999998,-0.529183,0.966926,-0.038462,-0.758638,0.018931,0.201707,-0.12422,0.983419,downstairs
0.2301969999999999,-1.195665,0.0745649999999999,0.288782,0.109951,0.439289,0.399008,-0.464425,0.083599,0.93046,jogging
1.191288,-1.21826,-0.001191,0.021674,-0.0052689999999999,0.031843,-0.007378,0.015084,0.320619,0.9385,standing
0.8589100000000001,-1.276015,-1.195445,1.154198,-1.063199,-0.058605,-0.2018,0.401465,0.219936,0.956866,walking
-1.25175,-1.2709780000000002,2.6447380000000003,0.998729,-0.347321,-0.045323,0.4271319999999999,0.191545,-0.280437,0.95539,jogging
0.741379,-1.208302,0.790562,-0.6424850000000001,1.099697,-0.8429270000000001,-1.304125,0.068882,0.239457,0.935015,jogging
-2.664196,-0.093249,-0.001449,0.004854,0.002001,-0.0021219999999999,-0.000463,-0.002881,-0.4574729999999999,0.093114,sitting
0.455855,-1.047369,-0.261995,3.983373,-1.55599,0.0613909999999999,0.228142,1.276889,0.220042,0.8661110000000001,walking
-0.8371719999999999,-0.93277,-0.10217,-0.559237,-0.80452,0.24766,0.0843309999999999,-0.1678319999999999,-0.442377,0.8032729999999999,walking
2.115687,-1.177034,0.5225380000000001,1.22976,0.3865449999999999,0.088152,0.131124,-0.4576449999999999,0.3280929999999999,0.923472,upstairs
2.5719939999999997,-1.294782,0.250927,0.4239529999999999,-0.752869,-0.13467,1.324945,-0.147645,0.146938,0.962149,downstairs
-2.242317,-1.383037,2.724977,-1.423671,0.269566,-0.253444,-0.650379,-0.472558,-0.146123,0.982425,jogging
-1.417672,1.406061,0.163,3.808319000000001,-0.087126,0.173477,0.358074,-0.165298,-0.162048,-0.986462,downstairs
3.1289740000000004,-1.410544,-0.233442,0.83996,-1.321138,0.2355809999999999,-0.657597,0.043097,0.002013,0.987187,jogging
-0.936824,-1.224542,1.1898540000000002,-0.279752,0.606762,0.2687239999999999,0.26548,-1.281823,-0.273424,0.940651,downstairs
0.293555,-0.314487,0.038709,-0.062215,0.016916,0.02708,0.005353,-0.041004,0.2751659999999999,0.309329,sitting
-1.629062,-1.179481,-1.686394,2.01579,0.5908720000000001,0.141684,-0.1225589999999999,-0.004296,-0.380758,0.924408,walking
1.506285,-1.247937,-0.266316,0.091539,-0.42182,-0.2801869999999999,-0.192564,-0.005471,0.31661,0.948332,downstairs
0.5912850000000001,-0.693191,-0.015203,0.003281,0.004039,0.009056,0.021421,0.0043409999999999,0.42878,0.638995,sitting
-0.476351,-1.164858,-3.389672,3.753481,1.4443,0.376234,-1.22873,0.550944,-0.181059,0.918732,jogging
0.29775,-1.2078870000000002,-0.95826,-0.962636,-0.16795,-0.023348,0.138374,-0.394028,0.104144,0.934868,downstairs
1.44355,-1.337535,-0.8809950000000001,-0.713134,-0.408787,-0.0325019999999999,-0.122576,0.034125,0.2292789999999999,0.972918,downstairs
0.239985,-0.348512,0.004396,0.006028,0.002228,0.003484,0.002723,-0.009249,0.223399,0.3415,sitting
1.020755,-1.368946,-4.046037999999999,3.737365,-1.153149,-0.251768,-0.96334,0.8273,0.1709119999999999,0.979697,jogging
1.355279,-1.391265,-0.242946,0.4680729999999999,-0.400598,0.2622239999999999,0.023671,-0.098545,0.174376,0.983927,upstairs
0.7627970000000001,-1.195459,1.935811,-0.294336,1.718762,-0.026904,0.026342,0.1839599999999999,0.253284,0.930384,walking
-1.426326,-1.510141,-0.017599,-0.0561659999999999,0.007285,-0.006265,-0.00077,0.056121,-0.059042,0.998161,standing
1.21873,-0.42686,-0.571699,1.304242,-1.805007,-0.525424,-0.174543,0.4848399999999999,0.854434,0.414014,jogging
-1.22615,1.33313,0.355515,-1.190866,0.507097,0.2000299999999999,-0.061161,-0.094563,-0.221575,-0.97189,downstairs
0.522664,-0.4475409999999999,0.002454,-0.000905,-0.000293,-0.007781,0.011967,-0.006398,0.450027,0.43275,sitting
2.2807310000000003,-1.504244,0.04338,0.206386,-0.020832,0.062336,-0.002288,-0.042541,0.050335,0.997786,standing
-1.180985,-1.398052,-0.0141409999999999,0.002355,-0.004831,-0.004224,0.001837,0.008553,-0.158984,0.985117,standing
0.551081,-1.443147,0.119615,0.144373,0.173615,-0.256206,0.194629,0.472117,0.066646,0.991864,jogging
-0.8573200000000001,-1.215034,-2.421832,-1.28201,-1.238322,0.161942,-0.183506,-0.011636,-0.263337,0.937381,downstairs
0.519361,-1.236587,0.060883,0.0592309999999999,0.015508,-0.037304,0.041887,0.098119,0.162777,0.94467,standing
2.16941,-1.268096,0.394265,-2.325574,0.526879,0.652261,0.166147,-0.064851,0.246253,0.954535,walking
-2.926086,-0.136899,0.002569,-0.005428,-0.0020829999999999,0.00281,-0.009396,-0.003,-0.21184,0.136471,sitting
-2.428817,-1.2240719999999998,-0.014161,-0.035536,1.5e-05,-0.007749,0.012131,-0.039355,-0.2222,0.940491,standing
-2.0657799999999997,-1.494844,1.751512,1.810471,0.621165,0.106296,-0.2136699999999999,0.046799,-0.066653,0.997117,walking
0.8671549999999999,-1.171296,-0.049918,-0.061604,0.035195,0.033817,0.014612,0.006239,0.296566,0.921256,standing
1.69738,-1.090856,-0.020778,0.006043,-0.016735,0.0137849999999999,0.005861,-0.001955,0.458032,0.887023,standing
-2.7018299999999997,-0.503504,0.069914,0.013899,0.032198,-0.004284,-0.006881,-0.002639,-0.372883,0.482498,sitting
1.15239,-0.34012,-0.000148,0.004056,-0.002189,0.001231,0.004489,-0.004101,0.8613940000000001,0.3336,sitting
-0.1183299999999999,-0.801778,-1.442082,-0.7508779999999999,-0.685198,0.453497,-0.145748,0.005782,-0.082098,0.718594,upstairs
2.9735259999999997,-1.144647,0.5411779999999999,-0.8268340000000001,0.342109,-0.040773,-0.68185,-0.990293,0.0691389999999999,0.910564,jogging
-2.704177,-0.4695899999999999,0.00998,0.0131139999999999,0.0152449999999999,-0.01653,0.01455,-0.016358,-0.377742,0.452521,sitting
0.316434,-0.3739889999999999,-0.010513,-0.000705,-0.014062,0.005878,0.001047,-0.002577,0.28967,0.365331,sitting
0.541298,-1.3413190000000002,-0.046268,-2.666455,-0.393306,0.2471489999999999,-0.127548,0.276015,0.1172,0.973785,downstairs
-0.151153,-1.187722,1.425596,3.14955,0.1146549999999999,-0.815697,2.9812939999999997,-0.6773020000000001,-0.056282,0.92752,walking
1.369612,-1.451186,-0.0271019999999999,-0.050739,-0.041566,0.058932,-0.007092,0.010531,0.116879,0.992855,standing
-1.113637,-1.463824,-2.0443740000000004,-2.095814,-1.005232,0.266407,0.354379,0.152586,-0.095691,0.994284,walking
1.1647299999999998,-1.2651059999999998,0.319974,-0.310093,0.020119,0.364826,-0.058467,-0.419992,0.27647,0.953639,downstairs
0.07064,-0.809322,0.207191,-1.769968,0.121077,-0.123819,-0.355411,0.882336,0.0487,0.723819,walking
0.660208,-0.4975199999999999,0.004098,0.00128,0.000341,-0.004951,-0.000655,-0.010573,0.538932,0.4772479999999999,sitting
-0.861144,-0.833759,2.0706439999999997,0.111876,0.932007,-0.159823,0.108567,-0.096388,-0.50984,0.740463,downstairs
-0.2440719999999999,-1.15572,-1.6692,1.886535,-0.026192,-0.100872,-0.330506,0.487806,-0.097447,0.915086,downstairs
1.843547,-1.066229,-0.012858,-0.109134,-0.0646,-0.001153,-0.004107,0.002826,0.465463,0.875384,standing
0.091119,-1.26936,1.563747,1.072919,1.954206,3.9e-05,0.0117939999999999,-0.687296,0.0270149999999999,0.954911,upstairs
-2.655319,-0.093373,0.013496,-0.00471,0.000126,0.0029579999999999,0.007745,-0.006816,-0.4652989999999999,0.093238,sitting
3.116903,-1.42282,0.009174,0.016245,0.01127,0.010261,0.011615,-0.055347,0.00364,0.989071,standing
0.85465,-0.986544,-2.367448,0.3780719999999999,-0.454056,-0.526583,-0.8285549999999999,0.386259,0.416064,0.834125,jogging
-2.066862,-0.429647,0.00093,-0.000654,0.000321,0.003584,-0.0,-0.0015869999999999,-0.799528,0.41655,sitting
0.589378,-0.351162,0.006651,-0.000455,0.0002399999999999,-0.017467,0.01299,-0.010018,0.521922,0.343989,sitting
-2.034412,-1.386781,0.006617,0.039157,-0.007033,0.017414,-0.008218,0.042111,-0.163593,0.983117,standing
-1.983,-0.999304,-3.382224,-2.2561400000000003,-1.6112959999999998,0.542549,0.507339,0.225977,-0.495583,0.841095,downstairs
0.760774,-1.181904,-1.335746,0.234353,0.2818219999999999,-0.097755,-0.562994,-0.027181,0.26142,0.92533,upstairs
1.6200290000000002,-1.508006,0.242037,0.7328819999999999,0.113077,-0.098824,0.30321,-0.016403,0.062249,0.998029,walking
-2.768559,-1.145722,0.153579,-0.773629,-0.2287449999999999,-0.01334,-0.420087,-0.170527,-0.15028,0.911008,downstairs
-0.205217,-1.219811,-0.677897,1.1645370000000002,0.365567,-0.142889,0.004294,0.244132,-0.070062,0.939034,walking
-0.789679,-1.498074,-1.7557650000000002,0.454404,0.0102569999999999,-0.092801,-0.298626,-0.245584,-0.051532,0.997357,upstairs
1.467399,-1.226217,-1.133259,0.081511,-0.155465,0.0132819999999999,-0.202982,0.245574,0.335992,0.941218,walking
-1.89653,-0.965456,-0.10442,4.1249720000000005,1.063627,0.489486,2.075961,-0.887215,-0.539107,0.8223090000000001,walking
0.888115,-1.298835,-3.803228,3.750509,-1.343518,0.299989,-0.857716,-0.070493,0.208419,0.963246,jogging
0.681588,-1.352214,0.070917,-0.066526,0.004968,0.012606,0.016302,0.086833,0.1365029999999999,0.976206,standing
-1.7800490000000002,-0.7926770000000001,-1.1098860000000002,2.979233,-0.182832,-0.703134,0.021637,-0.22415,-0.686621,0.7122350000000001,upstairs
-0.290172,-1.316475,-3.011025,-0.072854,0.23817,-0.345457,-1.986206,0.706824,-0.071977,0.967834,jogging
-1.450868,-1.270813,0.024427,-0.07486,0.022856,0.003052,0.004436,-0.009781,-0.293381,0.955341,standing
0.319497,-0.963383,0.8548969999999999,0.299718,-0.006668,-0.290882,0.22323,0.071108,0.179264,0.821127,walking
-2.3364979999999997,-1.269176,-0.6349560000000001,1.14161,0.047908,-0.009936,0.03167,-0.179164,-0.214109,0.954856,upstairs
1.5582790000000002,-1.315636,-1.388113,1.025436,-1.057769,-0.18987,-0.1350569999999999,0.269059,0.252355,0.967623,walking
-0.5315810000000001,-0.875059,0.363635,-1.387802,0.355549,-0.034709,-1.294956,0.566754,-0.324895,0.767582,jogging
-2.452371,-1.038063,0.059315,2.4760310000000003,-0.607537,0.406006,-0.132083,0.328214,-0.322983,0.8614219999999999,walking
-1.778835,-1.252643,-1.148169,-0.756433,-0.223994,0.080782,-0.186356,-0.01028,-0.306033,0.949815,walking
0.1885089999999999,-0.969972,-1.369555,0.726434,-0.284614,-0.142071,-0.15449,-0.120473,0.105938,0.8248700000000001,upstairs
-1.601513,-1.2682950000000002,-0.003867,-0.092191,-0.017028,-0.021629,0.00468,0.069296,-0.297768,0.954594,standing
-0.582654,-1.226852,3.469282,2.04201,-0.454859,-0.00814,0.506383,0.472479,-0.18554,0.941432,walking
-1.716248,-0.480228,-2.634821,-0.470318,-1.940074,-1.200833,0.085626,0.854518,-0.8775209999999999,0.4619819999999999,jogging
-2.280411,-0.338735,-0.003154,-0.00899,-0.002566,0.020826,-0.011845,0.0099849999999999,-0.715498,0.332294,sitting
-0.945544,-1.324501,0.088484,-0.2337469999999999,-0.023145,0.017269,0.001842,-0.02926,-0.197627,0.969822,standing
1.915627,-1.501282,-0.002894,-0.022759,0.003456,0.00093,0.002736,0.0032229999999999,0.065369,0.997585,standing
0.538502,-0.966547,2.441551,-0.0043799999999999,1.7426,-0.284704,-0.107749,0.36817,0.2913719999999999,0.8229290000000001,upstairs
-1.871344,-1.4883309999999998,0.8563299999999999,0.959085,-0.143874,0.447889,-0.444676,-0.141307,-0.078657,0.996602,walking
-2.06503,-0.427195,-0.000421,-0.007325,-0.0128069999999999,0.01554,0.003756,0.015296,-0.801215,0.4143199999999999,sitting
-1.979821,-1.202603,0.364148,-0.070414,-0.083499,-0.2101179999999999,0.148167,-0.305973,-0.330196,0.932979,upstairs
-0.114703,-1.330864,0.819617,0.271895,0.029582,-0.330884,0.23467,0.424703,-0.027194,0.971354,walking
0.269579,-1.143825,-0.564608,0.145295,-0.0821409999999999,-0.5331560000000001,-0.141425,0.208882,0.11029,0.910224,walking
0.492541,-1.154047,-0.291001,1.308775,-0.3595,-0.353987,0.794514,0.420687,0.191405,0.91441,walking
-0.948808,-1.422587,0.020311,-0.004743,0.01623,0.022274,0.014015,0.064889,-0.119564,0.989037,standing
0.444956,-0.645556,0.809832,-0.165196,0.505026,0.250498,0.257931,0.005213,0.343802,0.601643,walking
2.226071,-1.53432,-2.314392,-1.803347,-0.768241,-0.504312,0.583963,-0.068051,0.028863,0.999335,jogging
2.177808,-1.52725,1.198016,1.832862,0.009008,0.060846,-1.560957,1.897635,0.035651,0.999052,jogging
-2.868907,-0.410139,0.002868,0.000909,-0.0019329999999999,0.002339,-0.00242,-0.00316,-0.2469829999999999,0.398736,sitting
0.824729,-0.373603,-0.023659,0.005267,-0.0046619999999999,0.000316,0.008426,0.001257,0.683705,0.3649719999999999,sitting
0.408298,-0.235783,0.0002029999999999,-0.001584,0.001517,0.004563,0.024666,-0.000739,0.386062,0.233604,sitting
1.388151,-1.47206,-0.002605,-0.004949,0.001219,0.035744,0.0031,0.033815,0.096748,0.99513,standing
0.336909,-1.178906,-1.967972,3.5263690000000003,-0.4012679999999999,-0.473471,-1.06875,0.64852,0.1262569999999999,0.924189,jogging
1.490491,-1.221444,-0.735974,-1.678999,-2.165028,0.265258,-0.769001,-1.026638,0.341142,0.939594,jogging
-1.396298,-1.445499,-0.00431,-0.138757,0.001817,-0.002955,0.00671,-0.000782,-0.122624,0.992161,standing
-0.3403719999999999,-1.203329,-0.21814,-0.916064,-0.280126,0.2415409999999999,0.122744,0.455651,-0.1199279999999999,0.93324,walking
0.7156710000000001,-0.8733,0.3516579999999999,0.309348,1.891608,0.093329,0.58839,-0.12648,0.421427,0.7664529999999999,downstairs
2.168663,-1.420174,0.012687,-0.157817,-0.014631,0.004927,0.0070959999999999,-0.040212,0.124025,0.988678,standing
1.005055,-0.984252,-1.663752,-1.701387,-0.622761,-0.640872,-0.675632,0.216915,0.467243,0.832858,walking
0.993961,-1.306386,0.029552,0.096064,-0.019579,0.036978,0.003198,-0.01423,0.218882,0.965247,standing
1.13665,-1.291919,-1.411636,2.097385,-0.933569,-0.14495,-0.255646,0.186353,0.249717,0.961365,walking
0.641447,-0.54484,-0.004796,-0.004614,-0.0063659999999999,0.003402,0.001098,-0.012304,0.51172,0.518281,sitting
-1.028637,-1.216195,2.409847,-1.738643,1.367186,0.66904,-0.662852,0.733274,-0.297412,0.937785,downstairs
1.7840060000000002,-1.404934,-1.260445,-0.765939,1.287007,0.044555,0.054785,-0.143846,0.161331,0.986276,downstairs
-3.04952,-1.398148,-0.007929,0.015408,0.007726,-0.021639,0.014119,-0.023207,-0.015791,0.985133,standing
0.948491,-1.475225,0.646757,-0.026104,0.567029,-0.139152,-9e-05,-0.024072,0.077537,0.995436,walking
-3.102803,-1.474827,-4.895896,-0.843658,-1.336926,0.071753,2.04078,0.114027,-0.003714,0.995399,jogging
2.885781,-1.431191,-0.689689,-0.145286,-0.801952,0.3236,0.027704,-0.011547,0.03521,0.990271,walking
-1.899239,-1.261634,-0.023315,-0.05484,-0.0248539999999999,-0.033404,-0.022749,0.048081,-0.287992,0.952589,standing
-3.094599,-1.422897,0.563836,0.4214569999999999,0.601416,0.1087109999999999,0.4275279999999999,-0.32592,-0.006919,0.989083,upstairs
-2.512064,-1.41708,-2.962202,-2.467597,-3.0493740000000003,1.063427,2.833935,-0.046153,-0.090145,0.988209,jogging
-2.377902,-1.363394,-1.332894,-1.175505,-0.254523,0.2347969999999999,0.064262,-0.225156,-0.14239,0.978569,upstairs
0.693454,-1.1624370000000002,-2.213621,0.173899,-2.020701,-0.299256,1.813702,0.149018,0.253815,0.917773,upstairs
0.038931,-1.398276,-0.037779,0.170321,0.003005,0.007418,0.001692,0.007793,0.006681,0.985155,standing
-0.346219,-1.282269,0.6534310000000001,0.721663,0.132014,-0.311784,0.029602,0.330904,-0.096557,0.958664,walking
1.001354,-1.157248,-0.91931,0.354821,-1.586614,0.019565,0.269755,0.1733559999999999,0.338436,0.915701,walking
0.922876,-1.303587,3.3133510000000004,-0.747747,-0.349844,-0.002903,0.571972,0.679512,0.210529,0.964512,jogging
-2.929066,-1.489594,0.010765,-0.47731,0.261005,-0.132666,-0.026994,0.134564,-0.017099,0.996705,upstairs
0.503184,-0.195486,-0.001817,0.001348,0.0037649999999999,0.006032,0.031938,0.005515,0.473033,0.194243,sitting
0.49368,-1.427863,-4.172303,-1.896073,-0.252611,0.013683,-0.41862,0.0293399999999999,0.067494,0.989802,jogging
-2.068592,-0.4307149999999999,-0.004043,0.001123,0.005613,0.011633,0.0074519999999999,0.016231,-0.798376,0.41752,sitting
0.8750389999999999,-1.061399,0.6042270000000001,0.255281,-0.0122189999999999,-0.367275,0.080987,-0.707446,0.374294,0.8730389999999999,upstairs
1.095504,-1.138833,2.185901,1.81677,0.008554,0.05297,-0.200733,0.501312,0.372247,0.908146,downstairs
-1.345075,-1.226905,0.01056,0.021468,0.011704,-0.001272,0.012865,0.035127,-0.3285929999999999,0.94145,standing
2.451686,-0.984314,-0.1329779999999999,-0.5261859999999999,-0.2690659999999999,0.079999,0.334237,0.4912149999999999,0.3522369999999999,0.832892,downstairs
-0.307119,-1.304133,-0.443529,-0.340111,0.311567,-0.0047409999999999,0.272771,0.0665549999999999,-0.0796549999999999,0.964656,walking
1.023854,-1.327477,-0.331802,-1.304602,-0.31724,0.37521,1.08979,-0.30827,0.2057679999999999,0.970544,downstairs
-2.55019,-1.137115,-0.791279,-1.35066,-1.8562419999999995,1.705574,4.113251,-0.862708,-0.234276,0.907425,jogging
-1.886519,-1.255299,-0.023834,-0.040267,0.01202,-0.007909,0.005657,0.013489,-0.294948,0.950642,standing
-1.317137,-1.23946,-0.464366,-0.517207,-0.643572,-0.1933109999999999,-0.201407,-0.192501,-0.314852,0.945608,walking
0.636356,-0.708257,0.878921,-1.001766,1.07656,0.5782010000000001,0.263857,-0.379067,0.4513399999999999,0.650511,jogging
-2.685829,-0.980011,-0.127471,-2.64261,-2.375856,-1.188715,0.8936790000000001,1.170284,-0.245169,0.8305030000000001,jogging
1.331803,-1.479335,0.018253,0.155622,-0.029718,0.0584429999999999,0.004332,0.0161539999999999,0.088408,0.99582,standing
-2.300853,-1.387692,-0.024203,-0.003859,-0.00748,-0.087745,-0.01464,-0.019247,-0.135491,0.983283,standing
-0.2498739999999999,0.042178,0.004587,0.000593,-0.001545,0.004905,0.021062,-0.0018739999999999,-0.2470619999999999,-0.042165,sitting
1.085006,-0.508552,0.274857,-0.224423,1.421692,0.553614,-0.2552239999999999,-0.062918,0.7723899999999999,0.486913,jogging
-0.567314,-1.225667,0.703469,-0.359815,-0.382201,-0.081002,-0.200263,0.048059,-0.181801,0.941032,upstairs
0.404807,0.935089,2.911781,-0.581543,0.956921,0.3849349999999999,1.418498,-0.267388,0.233839,-0.804652,upstairs
1.413342,-1.474298,-0.035892,-0.298303,-0.043768,0.027808,-0.007387,-0.017066,0.0951019999999999,0.995348,standing
2.6948939999999997,-1.346942,-0.5330090000000001,-1.232637,-0.691489,0.421592,0.423037,-0.403204,0.0958799999999999,0.975049,downstairs
3.1238189999999997,-1.363698,-0.032929,-0.008167,-0.006141,-0.021232,-0.005685,0.004528,0.003653,0.978632,standing
-1.205782,-1.396633,-0.003552,-0.001759,-0.004808,-0.000239,0.0071629999999999,0.006569,-0.161856,0.984872,standing
-1.411868,-1.511644,-3.775931,3.280872,0.5468149999999999,0.612963,-0.780615,0.015612,-0.058275,0.998251,jogging
1.411811,-1.0048709999999998,-0.416014,-0.025336,0.159792,0.552089,0.1363609999999999,0.078829,0.529424,0.844093,walking
2.396096,-1.37536,0.602539,2.079223,-0.183269,0.005748,0.33021,-0.2286099999999999,0.131718,0.980963,downstairs
0.1703619999999999,-0.172069,0.00927,0.007982,0.00627,-0.015287,0.0106489999999999,-0.006111,0.167036,0.171221,sitting
0.7619630000000001,-1.362666,-0.0090239999999999,-0.053908,0.009725,0.015353,0.005987,0.030563,0.142439,0.978419,standing
-1.809144,-1.457948,0.015893,-0.00451,-0.032052,0.011051,0.007291,0.03463,-0.109119,0.993639,standing
0.170218,-1.197539,-1.264332,0.21278,-2.369016,0.496122,0.220726,1.11612,0.06177,0.931144,jogging
1.678327,-1.232329,-1.0367540000000002,0.609647,-0.6394810000000001,0.103793,-0.209546,-0.008823,0.33009,0.943265,walking
-2.775386,-1.355073,-0.166525,-0.666872,-0.043456,-0.2323599999999999,0.455139,-0.405621,-0.076646,0.976822,upstairs
0.148654,-1.256719,-1.612909,0.646231,-0.549511,-0.130527,-0.1424119999999999,0.336138,0.045749,0.951082,walking
-1.5348190000000002,-1.359544,-0.00727,0.005059,0.002394,-0.0194699999999999,0.00447,0.015355,-0.2095489999999999,0.977769,standing
1.7155740000000002,-1.074806,0.00555,-0.002362,0.007601,-0.0077129999999999,0.014057,0.0075879999999999,0.4709239999999999,0.879498,standing
-2.520164,-0.987682,-1.914854,0.190276,0.165017,-0.1771309999999999,0.337001,0.46796,-0.320565,0.834752,upstairs
-0.383472,-1.302883,0.996236,-1.596192,1.1424219999999998,0.06515,-0.055283,0.276416,-0.09904,0.964325,walking
0.37514,-1.275091,-1.641993,1.967912,-0.994024,0.075125,0.032661,0.097808,0.106775,0.956597,upstairs
1.255682,-1.316206,-0.80104,-2.758802,-0.451456,-0.066074,-0.195443,0.163711,0.239429,0.967767,downstairs
2.992191,-1.44115,-0.0556529999999999,1.178145,-1.3640219999999998,0.920733,0.35704,-0.100224,0.019239,0.991608,walking
-0.241953,-1.287972,-1.6477810000000002,-5.125831,-1.181248,2.48895,1.373881,5.6140360000000005,-0.066861,0.960271,jogging
0.3995309999999999,-0.287975,-0.000684,0.003222,0.005209,-0.008345,0.015259,-0.003686,0.372969,0.284011,sitting
-1.203386,-1.393641,0.004032,0.000415,0.001276,0.000236,0.008098,0.0150979999999999,-0.164466,0.984349,standing
0.5710350000000001,-0.593639,-0.07487,0.0587549999999999,0.045005,-0.010986,0.00437,-0.025625,0.448029,0.559381,sitting
0.106927,-0.952379,0.007775,-0.0114939999999999,-0.00067,0.0215479999999999,0.019905,0.0135039999999999,0.061872,0.814797,sitting
-0.257195,-0.044877,-0.005461,-0.019109,-0.001662,0.033226,0.0552659999999999,-0.014121,-0.254112,0.044862,sitting
-1.556831,-1.337225,-1.626527,-0.270527,0.14912,-0.051329,-0.153266,0.083875,-0.2314159999999999,0.972846,walking
2.11815,-1.418234,0.024124,0.009425,-0.003515,0.0276399999999999,0.006213,-0.029438,0.129769,0.988385,standing
-1.332619,-1.461888,0.10412,0.124748,-0.071143,0.007487,0.006962,0.0002529999999999,-0.105433,0.994075,standing
0.905573,-1.44705,-1.471838,-0.210769,0.6361359999999999,-0.081315,-0.111891,-0.004649,0.097063,0.992353,downstairs
0.105723,-0.123538,0.0031149999999999,0.000998,0.0008089999999999,-0.006944,0.003271,-0.005258,0.104722,0.123224,sitting
-2.806349,-1.20199,-1.98774,-0.888978,-0.3537929999999999,-0.086534,-0.05167,-0.075146,-0.11859,0.932759,upstairs
-2.927566,-1.499305,-0.039827,-0.231009,-0.048985,0.0148659999999999,0.02352,0.002221,-0.015172,0.997446,standing
-1.196951,-1.403447,0.011399,0.060864,0.0053729999999999,-0.006511,0.01574,0.014978,-0.155064,0.98603,standing
0.5608609999999999,-0.955453,-1.7540919999999998,0.470376,-2.242307,0.319337,0.475859,0.7145640000000001,0.307036,0.816575,walking
0.042125,-1.266758,-0.7984180000000001,0.652874,0.0267199999999999,-0.112856,-0.66962,0.992901,0.012606,0.954135,walking
-2.742665,-1.437486,-0.017963,-0.040887,-0.003411,0.000737,0.002708,0.016871,-0.051549,0.991127,standing
0.635054,-0.433129,0.003244,-0.006399,0.003209,0.004345,0.004801,-0.00659,0.538441,0.419713,sitting
0.066804,-0.2013569999999999,0.001592,-0.001208,0.004866,0.011408,0.027417,0.001841,0.0654049999999999,0.2,sitting
-0.010555,0.0433459999999999,0.00479,-0.0032479999999999,6.1e-05,0.014878,0.014844,-0.002521,-0.010544,-0.043332,sitting
2.3814349999999997,-1.262937,-0.906718,0.2334239999999999,-0.2375179999999999,-0.180652,-0.148373,-0.117918,0.208774,0.952985,walking
-0.5104449999999999,-1.2676120000000002,3.408321,3.640476,0.045633,-1.0795290000000002,2.122163,0.390554,-0.145858,0.954391,jogging
0.4809569999999999,-1.273741,0.968565,-0.590549,0.438001,-0.081468,1.146184,-0.233614,0.135393,0.956203,walking
-2.223357,-1.192387,-0.244035,-0.871448,-1.066842,-0.088009,0.542121,0.636039,-0.293506,0.929254,walking
-1.263847,-1.255935,-1.003804,-2.439497,-0.354369,0.127882,0.226239,-0.0514779999999999,-0.295164,0.950839,walking
-2.167828,-1.452688,1.2622799999999998,1.333646,-0.308295,-0.031105,0.052896,-0.062009,-0.097435,0.993033,upstairs
0.085228,-0.8683420000000001,0.689863,-0.200592,-0.5297109999999999,-0.2103789999999999,0.199952,0.1183119999999999,0.054998,0.763259,downstairs
2.786495,-1.338395,0.582287,1.349218,0.340682,0.007418,-0.341158,0.2280559999999999,0.080076,0.973116,downstairs
-2.4962880000000003,-0.567883,-0.0020239999999999,-0.0016649999999999,0.002027,0.042391,-0.134055,0.111444,-0.507037,0.537848,sitting
-2.769907,-1.500324,-0.8041050000000001,1.008379,-0.4437109999999999,0.201697,-0.067174,-0.171189,-0.025565,0.997518,upstairs
0.345138,-0.8408899999999999,0.52388,-2.214642,0.19746,-0.384119,-0.4559,0.355855,0.225596,0.745237,upstairs
0.811072,-1.418419,-0.914219,-1.046163,-0.46326,0.058002,-0.120188,0.125699,0.110013,0.988413,downstairs
3.044813,-1.445529,-0.010784,-0.028516,-0.004238,0.003731,0.005837,-0.026948,0.012061,0.992164,standing
0.157241,-1.208575,-1.126169,1.958479,-1.920664,-0.564599,-2.278664,0.6170680000000001,0.055489,0.935112,jogging
-2.068942,-0.429225,0.0082709999999999,0.008047,-0.004989,0.0107549999999999,0.004274,0.011996,-0.798765,0.416167,sitting
-2.891569,-0.418187,-0.00168,-0.005074,-0.0079379999999999,-0.025543,-0.009086,-0.010014,-0.226105,0.406105,sitting
1.691037,-0.924879,0.371017,-1.11532,0.635995,-0.078125,-0.008067,-0.263181,0.59758,0.7985479999999999,upstairs
0.547118,-1.538635,-0.507379,-0.087379,-0.3758289999999999,0.083736,0.005705,0.019771,0.016728,0.999483,downstairs
1.584911,-1.238988,0.0516,0.141313,-0.002133,0.014387,0.002864,-0.034367,0.3257,0.945455,standing
-0.352862,-0.910537,-1.589038,0.106024,0.253601,-0.072001,0.297371,-0.54832,-0.21195,0.789833,walking
0.767232,-0.094298,0.000896,4.9e-05,-0.000849,0.0015199999999999,0.006321,-0.003456,0.691062,0.094158,sitting
3.105998,-1.31684,1.454249,2.773346,0.256025,-0.334287,-0.8388209999999999,-0.7104090000000001,0.00894,0.967926,jogging
2.586955,-0.999449,2.7797240000000003,1.447247,-2.096739,0.032083,-0.6141840000000001,-0.249135,0.284781,0.841173,downstairs
0.642991,-0.997157,1.5265799999999998,-0.106262,1.012882,-0.101255,0.063282,0.149175,0.325391,0.839932,downstairs
0.207652,-1.008626,-2.03477,-0.926197,1.711572,-0.117199,-2.439851,0.189618,0.10989,0.846101,jogging
0.545094,-1.272522,1.780645,-0.157327,1.826765,0.021976,0.094982,0.317963,0.152371,0.955845,upstairs
-0.633864,-1.424499,-3.18454,-1.254397,0.418249,-0.2018599999999999,0.565004,0.1029109999999999,-0.086333,0.989318,jogging
-2.4953369999999997,-0.4993939999999999,-0.002,0.001322,0.012656,0.051712,-0.102505,0.09684,-0.528656,0.478894,sitting
0.920708,-0.8033899999999999,0.610987,1.249271,1.123113,-0.490404,0.447309,-0.318237,0.55266,0.7197140000000001,walking
0.1273109999999999,-0.444651,-0.037096,-0.0919389999999999,-0.0217009999999999,-0.029187,0.015826,0.0021899999999999,0.114621,0.430143,sitting
0.987946,-1.084265,0.903006,0.308001,2.407443,-0.196548,0.13992,0.3931659999999999,0.390365,0.8839600000000001,walking
-0.687213,-1.338582,-1.680403,-0.784277,-0.5034350000000001,0.2462489999999999,0.449006,0.247313,-0.145984,0.973159,downstairs
-2.5169740000000003,-1.199989,-1.873496,-1.355492,-0.185256,0.319641,0.527804,-0.7757310000000001,-0.2118989999999999,0.932035,walking
-2.003708,-1.391849,-1.711171,-0.7159310000000001,-0.469518,0.0799049999999999,0.321953,-0.020265,-0.161555,0.984032,upstairs
2.14813,-1.079375,-0.5736829999999999,0.4341069999999999,0.18777,0.50134,0.162176,-0.373352,0.395358,0.881663,walking
-0.586186,-0.914336,0.794257,-1.31959,0.319746,0.136291,1.517688,-1.081421,-0.3376159999999999,0.792157,walking
-2.599457,-1.233439,0.456433,1.538106,-1.241571,-0.372086,-0.9308,-1.56787,-0.170776,0.943633,jogging
-2.060717,-0.4108239999999999,-0.037044,0.000375,0.03253,0.001702,0.019596,-0.002989,-0.808937,0.399365,sitting
0.338791,-1.299333,-1.0291860000000002,0.817429,0.0211979999999999,-0.0899399999999999,-0.38498,0.203873,0.089116,0.96338,walking
1.589282,-1.358383,1.29662,1.631757,-0.069098,0.018137,-0.069795,-0.016973,0.210775,0.977525,upstairs
-2.755263,-1.447782,-0.024511,-0.038061,0.002519,0.0035369999999999,-0.006085,0.053617,-0.046155,0.992443,standing
-1.487671,-1.126842,-1.711367,0.6654939999999999,0.284373,-0.172224,0.059433,0.09102,-0.428011,0.90306,walking
0.570387,-0.2231409999999999,-0.150746,-0.1899819999999999,0.2187739999999999,-0.050985,0.0046429999999999,0.032493,0.526571,0.221294,sitting
-2.109686,-1.197529,-0.832102,2.036832,0.25651,0.0192479999999999,-0.115421,-0.0324189999999999,-0.3129639999999999,0.931141,upstairs
-1.968409,-1.354115,-0.830781,-1.898494,-0.047322,0.122662,-0.0148849999999999,0.02275,-0.198193,0.976616,downstairs
1.497896,-1.4430040000000002,-0.5780609999999999,0.167464,-0.171354,0.07982,0.699652,0.090457,0.127074,0.991846,upstairs
-2.570354,-1.432544,1.145361,0.442388,0.316483,0.441028,-1.046229,-0.0411949999999999,-0.074512,0.990458,jogging
-1.307239,-1.130566,0.505325,0.0195,0.163667,-0.342868,-0.542166,-0.131436,-0.411405,0.904654,walking
-0.73316,-1.10854,1.359531,-0.669276,-0.582861,0.096117,-0.317946,0.140004,-0.2984489999999999,0.895048,upstairs
-2.729688,-1.291669,2.649577,2.911538,0.538979,-0.175479,-0.7982100000000001,-0.5404329999999999,-0.110303,0.961296,jogging
-1.5929,-0.8999950000000001,2.154675,0.5224489999999999,-0.0315089999999999,0.026666,0.295243,0.128092,-0.621423,0.783324,downstairs
-0.865367,-1.137298,-0.081837,-0.024339,0.198025,-0.442943,0.1479329999999999,0.535914,-0.319768,0.907502,walking
-2.666102,-0.085662,0.0040079999999999,-0.004273,-0.0043289999999999,-0.002537,0.000426,-0.004796,-0.456096,0.085557,sitting
-2.680855,-1.23915,3.317248,0.0271709999999999,3.110852,-0.531583,0.268268,0.415784,-0.144748,0.945508,jogging
-0.2415679999999999,-1.175758,-2.014888,2.03058,0.852517,0.160512,-0.12838,0.529706,-0.092061,0.922982,walking
-1.62176,-1.015279,0.953946,1.046838,-0.119627,-0.319233,0.151013,-0.064173,-0.526684,0.849628,upstairs
0.911646,-1.409964,0.012089,0.096744,-0.001482,-0.027675,0.015713,0.012407,0.126308,0.987094,standing
-0.322808,-1.447399,-0.025509,-0.033788,-0.031478,-0.013294,0.0088849999999999,0.010731,-0.039043,0.992396,standing
-1.6444919999999998,-1.357134,0.1169029999999999,0.42162,-0.360981,-0.029074,-0.379071,-0.154115,-0.211451,0.977261,downstairs
1.309756,-1.089755,0.7862600000000001,0.867346,-0.043015,0.010829,-0.033227,-0.075056,0.447027,0.8865139999999999,upstairs
1.274212,-1.21095,-1.438006,-0.099251,-0.2416829999999999,-0.64364,-0.030891,-0.009204,0.336725,0.935951,downstairs
1.837064,-1.465916,0.073926,0.080236,0.02327,-0.0482029999999999,-0.000715,0.037016,0.100877,0.994505,standing
-0.8236540000000001,-1.395461,-0.006417,-0.014766,-0.005559,0.03911,0.0036439999999999,-0.095591,-0.127855,0.984668,standing
0.7038979999999999,-1.385035,-2.708297,-1.776846,-1.873064,0.1595339999999999,0.654854,0.41962,0.119519,0.982796,jogging
0.8834059999999999,-1.108562,0.795876,-0.8431559999999999,1.956132,-0.131014,-0.077325,0.3023969999999999,0.344667,0.895058,walking
0.972723,-0.763904,-0.028551,0.057675,0.029567,-0.005895,0.0196949999999999,0.0028079999999999,0.596791,0.691746,sitting
1.198765,-1.43557,-0.043494,0.953458,0.462811,-0.155548,-1.301341,0.167237,0.125488,0.990871,jogging
-3.110293,-1.20745,1.309273,0.014956,-0.255751,0.296078,0.507533,-0.625492,-0.01112,0.934713,walking
-2.788593,-1.534704,-1.240467,1.164098,-0.877172,0.317269,0.0348,-0.293014,-0.012475,0.999349,walking
-3.024767,-1.190763,0.495079,-0.311257,-0.505842,0.098169,-0.4299189999999999,-0.004987,-0.043238,0.928652,downstairs
2.597794,-1.341119,-1.228131,-0.0134639999999999,-1.076009,-0.5712470000000001,-0.129975,-0.003872,0.117771,0.97374,walking
0.770655,-0.092082,-0.000235,0.0003529999999999,-6.8e-05,-0.007695,0.001356,-0.011903,0.693654,0.091951,sitting
-0.866741,-1.376789,0.5983189999999999,-2.602925,0.575404,0.337098,-0.115303,0.048822,-0.146913,0.981239,downstairs
0.97754,-1.284635,1.541736,1.340647,2.074839,-0.258827,0.040406,0.215792,0.2340159999999999,0.959335,upstairs
-0.2141539999999999,-0.906517,-0.2938,-3.5607330000000004,0.8363729999999999,-0.303843,-1.158867,1.216789,-0.131017,0.787361,jogging
0.1711369999999999,-1.5623360000000002,-0.08528,-0.2320469999999999,0.086672,-0.173713,0.024252,-0.000465,0.001441,0.999964,standing
0.8263030000000001,-1.222512,-0.55686,-0.105807,-0.137841,0.078628,0.124921,-0.364967,0.250992,0.93996,upstairs
1.107326,-0.289749,-0.00148,-0.0055369999999999,-0.002964,-0.0129349999999999,0.0092859999999999,-0.015199,0.8572190000000001,0.2857119999999999,sitting
-1.270137,-1.407016,0.004746,-0.013073,-0.003136,0.004034,0.005814,0.0016469999999999,-0.1557069999999999,0.986618,standing
1.025745,-1.3030540000000002,1.7943639999999998,-0.017373,0.207921,-0.163043,-0.211807,-0.008304,0.226214,0.964371,walking
1.716812,0.088795,-1.556858,1.377159,-1.879253,-0.961071,0.199533,-0.045787,0.985455,-0.0886779999999999,jogging
-1.123191,-1.16519,2.986087,1.766645,-0.034547,-0.308019,0.366583,0.091829,-0.355677,0.918863,walking
-0.978029,-1.418252,0.034928,0.014715,-0.049368,0.032673,-0.007476,-0.111285,-0.125904,0.988388,standing
1.852815,-1.53519,0.025119,-0.185089,0.021972,-0.009288,0.0012289999999999,0.0187419999999999,0.0335339999999999,0.999366,standing
0.41556,-0.394996,0.005179,0.0056689999999999,-0.00947,0.016086,0.007301,-0.004114,0.372616,0.384804,sitting
1.45657,-1.0530540000000002,0.688597,0.3426329999999999,0.020006,0.738917,2.122043,-1.334994,0.491689,0.8689389999999999,jogging
0.662618,-1.3545,-0.985638,0.847565,-1.001602,0.0141129999999999,-0.004729,0.11137,0.1320049999999999,0.976699,upstairs
2.653834,-0.955829,-1.097715,-0.507217,-0.4185649999999999,-0.2237,-0.391225,-0.296654,0.270377,0.816792,downstairs
-1.566009,-1.24296,-3.109841,2.168952,0.3622,0.312347,0.528753,0.024384,-0.32199,0.946741,upstairs
-2.801546,-1.396679,0.11696,0.158828,-0.054644,-0.023223,0.003493,-0.027366,-0.057771,0.98488,standing
0.705992,-1.540745,0.0034409999999999,-0.004326,-0.006609,-0.0159039999999999,0.011255,-0.002737,0.019444,0.999548,standing
-0.423631,-0.907064,1.741211,-2.410093,-1.19313,0.562237,-0.137659,1.991198,-0.253246,0.787698,jogging
1.022238,-1.262101,-0.975256,1.226995,-1.110973,-0.0708309999999999,-0.070391,0.130236,0.2592,0.952731,upstairs
-2.022958,-1.250574,1.52834,-0.7069479999999999,-0.2483659999999999,0.027544,0.299202,-0.466174,-0.283144,0.949166,upstairs
0.125302,-1.027134,4.1393889999999995,-0.98089,1.12618,0.132865,0.7623439999999999,0.086406,0.064645,0.85582,upstairs
0.417109,-1.029672,3.133842,-1.14374,1.206538,-0.270061,-0.24864,0.600237,0.208675,0.85713,downstairs
-2.142873,-1.3984299999999998,-1.2457049999999998,1.952308,0.210003,-0.2131219999999999,-0.256132,-0.158292,-0.144147,0.985182,walking
-0.145873,-1.323902,-0.143564,-0.38503,-0.161381,-0.001754,0.09316,-0.053943,-0.035523,0.969676,standing
0.444122,0.009477,-0.003438,0.009714,0.001275,0.004848,0.001405,-0.001715,0.429646,-0.009477,sitting
-2.246043,-1.22761,-0.066828,-0.011238,0.02686,0.014247,-0.001074,0.01694,-0.262614,0.941687,standing
-2.72969,-1.445961,0.2452619999999999,1.07296,-0.040525,0.932428,-1.39267,0.3380599999999999,-0.049844,0.992218,jogging
-1.36751,1.287966,0.24821,-0.063862,0.6019869999999999,0.350852,1.06406,-0.001279,-0.273307,-0.96027,downstairs
1.747985,-1.509919,0.007173,0.009355,0.000337,-0.000454,0.00405,-0.00047,0.059887,0.998148,standing
-3.108886,-1.365635,-0.045002,-0.093217,0.0050869999999999,-0.003442,0.015906,-0.023911,-0.006659,0.979028,standing
-1.041423,-1.396096,-0.00606,0.023131,-0.0069599999999999,-0.004992,0.009774,0.023916,-0.150022,0.984779,standing
1.006719,-0.833744,0.0008439999999999,0.000918,0.002955,0.0001899999999999,0.020045,0.01189,0.567986,0.740453,sitting
2.263786,-1.423337,-0.052492,-0.00231,-0.011371,0.003176,0.015262,0.0012619999999999,0.113035,0.989148,standing
0.295248,-1.120628,0.162225,0.724909,0.315421,-0.094183,0.427156,0.462275,0.126608,0.900374,walking
-0.486735,-1.346124,-6.122365,1.911339,2.772565,0.044698,1.096468,-0.171418,-0.104207,0.974867,jogging
0.992959,-1.227479,-0.986654,2.294178,-0.452852,-0.223216,-0.30555,0.2258389999999999,0.281962,0.941643,walking
-2.86671,-1.386157,-0.486066,-2.220206,-0.140764,-0.109102,-0.203278,-0.1163,-0.049819,0.983003,downstairs
-1.49629,-1.032874,-0.01807,-0.0101459999999999,-0.009682,-0.014971,0.001607,0.04888,-0.5109229999999999,0.858775,standing
-0.477347,-1.42838,1.591962,2.475458,-0.351102,-0.4666899999999999,0.876518,0.073792,-0.0652,0.989876,jogging
-2.162101,-1.463955,5.33334,1.33064,1.702693,-0.4212729999999999,3.200572,-0.015386,-0.088523,0.994298,jogging
-3.093603,-1.327597,-2.381613,-1.611335,-0.069137,0.5506840000000001,0.692025,0.548795,-0.011545,0.970573,walking
1.99419,-1.26335,-0.931496,-0.1504309999999999,-0.321519,0.174753,-0.024276,-0.152885,0.27587,0.953109,upstairs
-0.767103,-1.04276,3.449375,-1.095953,-0.103525,-0.163184,0.19211,0.449291,-0.349664,0.863798,walking
-1.401751,-1.4279110000000002,0.00948,-0.001066,-0.002884,-0.00731,0.0137919999999999,0.009018,-0.140364,0.989809,standing
2.477004,-1.301998,0.020958,-0.0731909999999999,-0.009731,0.013962,0.017904,0.0300399999999999,0.163788,0.964091,standing
0.40066,-1.400431,-0.6611,-1.625572,-0.023101,0.199036,-0.197696,-0.2038319999999999,0.066116,0.985523,jogging
-1.469307,-1.249223,0.001078,0.033413,0.011767,0.0056549999999999,0.005439,-0.010169,-0.314432,0.948739,standing
1.891875,-1.423618,-1.044038,-0.301226,-0.362847,0.187164,-0.169258,-0.239892,0.13913,0.989189,upstairs
-1.024798,-1.137312,-0.655555,0.3453739999999999,-1.158543,0.127582,-0.067237,0.134021,-0.358966,0.907508,upstairs
-1.509429,-1.157277,0.0248,0.007682,-0.006392,0.00178,0.010313,0.0093829999999999,-0.401041,0.915712,standing
2.869366,-1.486689,-0.014083,-0.091558,-0.001165,0.023499,0.0290019999999999,0.004732,0.022567,0.996465,standing
0.921916,-0.8336399999999999,2.147699,-2.342036,-0.003058,-0.379011,0.660175,1.005529,0.535566,0.740383,walking
1.956796,-1.313527,1.602826,2.186525,0.026286,-0.352469,-0.207903,0.044025,0.235678,0.967088,upstairs
-0.7574310000000001,-1.353533,-0.482771,-0.666536,-0.412657,0.110758,-0.032476,0.107929,-0.148096,0.976491,upstairs
-2.692487,-0.221061,0.0283959999999999,0.0151449999999999,0.011965,0.006328,0.0062299999999999,-0.0091019999999999,-0.423595,0.219265,sitting
-1.003782,-1.199736,-0.405619,-2.565573,0.379478,-0.044653,0.208468,-0.455052,-0.305857,0.931943,jogging
-0.266442,0.084648,0.011537,-0.006458,-0.00881,0.014005,0.008558,-0.007857,-0.262357,-0.084547,sitting
-1.4707940000000002,-1.152954,0.031726,-0.028827,-0.012519,-0.0179229999999999,0.001042,0.061492,-0.403754,0.913967,standing
1.311612,-1.448754,-0.8341270000000001,-0.325334,-0.6416109999999999,0.226458,0.010093,0.1184809999999999,0.117673,0.992562,walking
-0.83973,-1.35687,-0.340129,-0.629778,0.565864,-0.213294,0.069533,0.002948,-0.158029,0.977205,downstairs
1.066912,-1.341818,0.427067,0.079209,0.098471,0.405533,0.361673,-0.09029,0.1987,0.973899,walking
1.251762,-0.662909,-3.168743,2.193786,-1.724666,-0.8763790000000001,-0.574671,0.393731,0.748419,0.615412,jogging
1.207241,-1.153992,-0.194794,-0.2697489999999999,-0.015028,-0.046373,0.033992,0.056938,0.378373,0.914387,standing
1.218022,-0.629249,1.407294,0.989516,3.90005,-0.049807,-0.2474579999999999,-0.223789,0.75867,0.588538,walking
0.636944,-1.166944,-1.214825,0.625546,0.5963470000000001,-0.0764779999999999,-0.282912,0.055021,0.233704,0.919554,downstairs
0.595129,-1.086099,2.5634509999999997,-1.055001,1.213449,-0.001059,-0.001317,0.099507,0.261206,0.8848159999999999,upstairs
0.1751869999999999,-1.270846,7.159816999999999,-4.185549,0.8356690000000001,-0.63385,1.941347,0.795466,0.051498,0.955351,jogging
0.141653,-0.888941,1.89943,-1.407875,-0.012361,0.054701,-0.384498,0.246176,0.088976,0.776405,upstairs
-2.0293,-0.727378,-0.8625280000000001,-2.306549,-2.34373,-0.157329,0.147083,-0.17602,-0.669774,0.664913,upstairs
0.684825,-1.514888,1.605217,1.086335,1.666497,-0.414695,1.077322,-0.142404,0.0353459999999999,0.998438,downstairs
-0.541702,-0.612038,0.935231,-1.144551,-0.4592199999999999,0.079059,-0.31175,0.269973,-0.422,0.574537,upstairs
-2.505873,-1.008019,-1.267915,0.4274949999999999,-0.2317449999999999,0.186848,0.082522,-0.522692,-0.316792,0.845777,walking
-0.217911,-0.714154,-0.874389,1.97371,0.260878,-0.0121129999999999,0.452108,0.268292,-0.163363,0.654978,walking
0.630289,-1.035205,-0.06367,1.830684,1.064482,-0.799309,0.218982,0.734647,0.300789,0.859967,walking
-2.667564,-0.70155,0.752848,-2.274916,-1.5653,0.8469040000000001,-0.316057,-0.895134,-0.348674,0.645402,downstairs
1.151875,-0.341175,0.001042,0.001623,0.002073,0.001173,0.005402,-0.001285,0.860872,0.334595,sitting
0.809137,-1.14551,2.304383,0.726297,-0.384611,0.4602699999999999,-0.295747,-1.288466,0.29858,0.910921,jogging
-0.459689,-1.256094,2.8512,-0.119929,1.469557,0.109293,-0.183173,0.400022,-0.137324,0.950888,walking
-2.560295,-0.879239,-0.006411,0.104618,0.101971,0.7716810000000001,0.505396,-0.173508,-0.3501869999999999,0.770254,walking
0.2078219999999999,-1.191994,2.692348,0.145311,0.055822,-0.646111,0.534805,0.6396189999999999,0.076302,0.929108,walking
0.6271939999999999,-1.332408,-0.031936,-0.019503,-0.004306,-0.0287259999999999,0.02593,0.085565,0.138543,0.97172,standing
-1.289089,-1.389157,4.555783,-0.066519,-0.4586159999999999,-0.399914,2.862917,0.313302,-0.173496,0.983549,jogging
1.163017,-1.211842,-0.090796,0.233233,0.130718,0.06612,-0.063386,-0.272918,0.32249,0.936265,downstairs
-1.370168,-1.4825620000000002,-0.042016,-0.024277,0.067425,-0.003399,0.0068349999999999,0.014997,-0.086124,0.99611,standing
3.081224,-1.237545,-2.6838490000000004,-0.674234,-0.991363,0.019267,0.398965,-0.342344,0.019735,0.944984,jogging
1.166118,-1.207609,-2.15049,-0.418162,-0.849814,0.047574,0.228729,0.032601,0.326556,0.934769,downstairs
-2.669628,-0.095627,-0.004991,0.000858,-0.0055229999999999,0.000625,0.005425,-0.0041,-0.45256,0.095481,sitting
-0.5531729999999999,-1.410191,-4.104686,0.989643,1.095748,-0.173755,0.6436069999999999,-0.39678,-0.084012,0.987131,jogging
1.125841,-1.351081,-0.046662,0.4420699999999999,0.059109,0.070881,0.017708,0.092711,0.196697,0.97596,upstairs
-1.745137,-1.136167,0.05352,-0.0158139999999999,0.032479,-0.012329,0.0008869999999999,0.020738,-0.414627,0.907026,standing
-1.381152,-1.156326,0.0382329999999999,-0.09294,0.00658,-0.010434,0.004836,0.064903,-0.395434,0.91533,standing
0.898278,-1.2512370000000002,3.120007,-2.011366,0.951971,-0.4162149999999999,0.312665,0.242561,0.245744,0.949374,walking
0.0468209999999999,-1.161103,-2.8716779999999997,0.16723,-1.738517,0.4172399999999999,1.234933,0.688409,0.018643,0.917243,jogging
-1.064077,-1.364255,-1.1592360000000002,-0.742969,-0.33746,-0.233879,0.395689,-0.343807,-0.179299,0.978746,downstairs
0.506884,-0.46026,-0.0005549999999999,-0.000233,0.002172,-0.002517,0.008288,-0.005049,0.434936,0.444181,sitting
0.630354,-0.429756,-0.0021579999999999,-0.0005549999999999,-0.003334,0.004589,0.003838,-0.006254,0.535832,0.416649,sitting
1.37539,-1.291888,0.578041,-0.56933,0.011144,0.110497,-0.2934489999999999,0.012514,0.270057,0.961357,downstairs
1.068343,-1.4381540000000002,0.040131,-0.197457,0.667026,0.307592,-0.537816,-0.086323,0.1159,0.991216,downstairs
2.123079,-1.132897,-0.0976809999999999,-0.35309,-0.248793,0.061089,-0.044667,0.078579,0.36077,0.905644,standing
-3.086007,-1.378779,0.0831669999999999,0.000565,-0.025829,0.007824,-0.026726,0.037625,-0.010601,0.981621,standing
0.587428,-1.514309,0.0561669999999999,-0.005101,-0.026299,0.147979,-0.050987,-0.010095,0.031083,0.998405,upstairs
2.985048,-1.336496,1.295222,2.4199580000000003,-0.3073349999999999,0.123704,-1.197225,-0.8429059999999999,0.036193,0.972677,downstairs
0.7670859999999999,-0.091999,-0.003771,0.000441,0.001567,-0.0036659999999999,-0.006161,-0.004895,0.691105,0.091869,sitting
0.200897,-1.309373,-0.69006,0.683851,0.676551,-1.303558,1.7902630000000002,-0.00808,0.051574,0.966023,walking
0.253941,-1.280547,1.819862,0.1380279999999999,1.198844,-0.149135,-0.03494,0.181288,0.071895,0.958173,walking
-2.915145,-0.133029,-0.000824,0.009585,-0.000603,-0.0028539999999999,-0.0021899999999999,-0.006845,-0.222534,0.1326369999999999,sitting
-2.399628,-1.330062,-0.002692,0.067288,-0.002993,0.010254,0.00958,-0.035999,-0.161072,0.971163,standing
-1.819005,-1.242941,0.0275529999999999,0.133066,0.057668,0.019143,0.023007,0.006097,-0.312142,0.946735,standing
-2.9319490000000004,-1.437005,2.679814,2.886755,2.34445,-0.2357659999999999,0.48582,-0.170309,-0.0277529999999999,0.991063,upstairs
1.155523,-1.4363629999999998,-1.7262080000000002,1.174103,-1.170282,0.156075,-0.1757,0.179628,0.122581,0.990977,walking
0.148337,-1.378309,-1.986964,0.958818,-0.580448,0.103594,0.2492579999999999,0.20589,0.028273,0.981531,upstairs
-0.079346,-1.303778,-0.675612,-1.504987,-1.131832,0.0452199999999999,-0.097268,0.008911,-0.020913,0.964562,upstairs
-0.284222,-1.317665,-0.950222,0.229566,-0.661738,0.319102,0.128043,0.193742,-0.070216,0.968133,upstairs
-1.035405,-1.291635,-1.52621,-2.263691,0.6032489999999999,0.049918,-0.033018,0.144348,-0.2369909999999999,0.961287,downstairs
-1.379615,-1.518241,-0.905959,0.992189,-0.120497,-1.220916,0.25721,-0.150571,-0.051575,0.998619,downstairs
-0.304291,-1.186612,-0.912062,-3.5856489999999996,-0.67699,0.453055,0.396412,0.97312,-0.112296,0.927105,walking
0.213686,-1.3379379999999998,1.147391,-1.255687,0.4156689999999999,-0.6688390000000001,0.304898,0.005709,0.048936,0.973011,downstairs
-0.924589,-1.476181,4.112175,0.7160890000000001,0.258503,0.004035,0.5088520000000001,0.7639779999999999,-0.075401,0.995527,walking
-2.032211,-1.288011,-0.609712,0.247642,-1.032521,0.064846,-0.8460700000000001,-0.270404,-0.249844,0.960282,jogging
1.318509,-1.459234,0.080239,-0.222433,-0.472514,0.282097,0.271536,0.202974,0.107796,0.993783,walking
-2.857661,-1.3564120000000002,-3.000057,-1.512406,0.8919090000000001,0.109692,0.335041,-0.386856,-0.059582,0.977108,jogging
0.6145970000000001,-1.426662,1.750605,0.605237,1.943483,0.038829,0.17434,-0.023457,0.082814,0.989631,upstairs
0.8293459999999999,-1.351787,2.02645,-1.670276,3.042735,-0.288375,1.053245,0.807928,0.160217,0.976113,walking
0.608059,-1.188647,-0.756157,-1.435108,-0.263169,-0.171939,-0.209054,0.118793,0.213031,0.927865,upstairs
-0.292542,-1.294196,-1.508211,0.018012,-0.292118,0.473355,0.525346,0.094787,-0.078747,0.961989,walking
1.257709,-1.193241,0.095435,-3.3395940000000004,-0.554709,-0.007049,2.1293,0.8978790000000001,0.350693,0.929569,jogging
-2.132143,-1.356064,-0.029426,0.012898,0.002463,-0.010546,0.000338,0.022848,-0.180357,0.977033,standing
-2.914415,-1.401188,0.098884,0.031152,-0.060332,0.013052,0.027899,-0.079847,-0.037894,0.985651,standing
-1.6981400000000002,1.343632,-0.145479,-1.264868,0.802832,-0.149652,-0.283992,0.543161,-0.223379,-0.974309,downstairs
-2.536926,-0.456517,0.045279,0.041466,-0.0286139999999999,0.042754,-0.075041,0.067821,-0.510268,0.440825,sitting
1.129761,-1.122146,0.010203,0.0175449999999999,0.006503,-0.004527,0.027754,0.109073,0.392009,0.901033,standing
1.5569110000000002,-1.4136030000000002,-1.286908,0.093216,-0.821148,-0.304954,-0.1173859999999999,0.15499,0.156486,0.987671,walking
-2.617955,-1.225568,-2.817174,6.787924,1.55345,-0.100325,1.035686,-3.090106,-0.169206,0.940998,jogging
-1.736889,-0.979887,-0.207148,0.122545,-0.2675639999999999,-0.184199,0.398814,0.0072459999999999,-0.549429,0.830435,upstairs
-1.784771,-1.311654,-0.431521,-0.148034,-0.21559,0.280597,-0.337475,-0.024413,-0.2504,0.96661,downstairs
1.085087,-1.332006,2.00001,-0.7452270000000001,0.923821,-0.038181,-0.0583399999999999,-0.294664,0.2091559999999999,0.971625,walking
1.174015,-1.154393,-0.970465,1.0343790000000002,-0.188451,-0.178019,-0.380355,0.077967,0.373041,0.91455,walking
0.710904,-1.363373,-0.051048,-0.165482,0.008524,0.006763,0.013028,0.081215,0.134304,0.978565,standing
-1.802058,-1.269291,0.401093,2.80979,0.265494,0.226528,-0.0134539999999999,-0.197865,-0.289029,0.95489,upstairs
-0.278175,-0.94541,1.7813169999999998,-0.435125,0.671383,0.15828,-0.1973339999999999,-0.079238,-0.160752,0.810737,walking
0.529614,-0.446243,0.0164759999999999,-0.000823,-0.009802,-0.014184,0.011764,-0.012158,0.455727,0.43158,sitting
-1.768717,-0.819966,0.823476,1.807776,2.059453,0.59541,-0.162168,0.006993,-0.668927,0.731123,upstairs
-1.48085,-1.249781,-3.160327,0.84882,-4.527236,-0.794412,1.309996,0.1122349999999999,-0.314246,0.948915,jogging
0.694665,-1.29932,-0.5016149999999999,-1.220789,0.773509,-0.1207309999999999,-0.668347,0.068727,0.171649,0.963376,downstairs
-2.184979,-1.334542,0.352608,0.209614,-0.585665,0.534013,-0.428307,0.083381,-0.191254,0.972222,downstairs
0.073324,-0.2054659999999999,-2.2e-05,-0.001395,0.000521,0.012938,0.021883,-0.001005,0.0717179999999999,0.204024,sitting
1.647933,-1.264408,0.000725,0.018737,0.008034,-0.008942,0.0075239999999999,-0.012897,0.300721,0.953429,standing
-0.498426,-1.265303,-3.779457,2.48489,1.205005,0.110776,-1.507074,0.305988,-0.143765,0.953699,jogging
0.006127,-1.156637,-0.780589,0.685208,-0.303372,-0.09736,-0.618442,0.397758,0.0024649999999999,0.915455,walking
0.191925,-1.451785,3.860542,-1.767813,0.857899,-0.35089,0.618081,1.002449,0.022642,0.992927,walking
-1.91742,-1.470429,3.928077,-1.724574,6.0318309999999995,0.347121,1.68823,-0.980043,-0.094207,0.994967,jogging
-1.174524,-1.387294,-0.261464,0.114819,-0.752229,0.331313,-0.097133,-0.018969,-0.1683339999999999,0.983211,downstairs
2.8330189999999997,-1.432895,0.010668,0.0138789999999999,0.003954,0.000642,0.009844,-0.039233,0.041747,0.990507,standing
1.436459,-0.658913,-1.338784,-0.042291,-2.7627919999999997,-0.379299,0.4231729999999999,0.003021,0.783535,0.612258,walking
-2.148304,-1.428979,1.1937870000000002,1.794673,-0.991948,0.154099,0.8446040000000001,-0.514169,-0.118363,0.989961,jogging
0.500631,-0.442037,0.000396,0.001305,0.001438,-0.005194,-0.007722,-0.014476,0.4338439999999999,0.427781,sitting
-0.660234,-1.188134,-0.396862,0.202575,0.026088,0.041441,-0.1178589999999999,-0.189788,-0.229002,0.927674,upstairs
-0.222213,-1.37988,3.200216,5.6346739999999995,0.403654,0.29331,-0.066136,1.224921,-0.041814,0.981831,downstairs
0.682244,-1.158605,-0.304501,0.12189,0.509274,-0.419775,0.222488,-0.0483139999999999,0.2526,0.916245,downstairs
-1.58677,-1.172984,-1.547794,2.095841,0.5078010000000001,0.024654,-0.255971,-0.057244,-0.38734,0.921911,upstairs
-1.261319,-1.333006,-2.5827150000000003,-0.566467,-2.252169,0.399889,2.497255,-0.1383309999999999,-0.224352,0.971861,jogging
-1.897532,-0.976367,-2.325008,-0.804341,-2.35508,-0.409739,1.337166,0.704321,-0.5304,0.828468,jogging
0.405908,-0.401869,0.0027129999999999,-0.015419,0.004258,0.005775,0.004598,-0.011903,0.363396,0.391139,sitting
0.7882680000000001,-1.429798,-0.426525,0.805066,0.076832,0.099006,-1.31167,0.06557,0.099572,0.990076,jogging
-2.109093,-0.5428390000000001,2.322824,1.536863,2.197397,0.276402,0.404589,-0.131526,-0.735158,0.516569,upstairs
-0.563801,-1.373532,1.820328,0.348773,-1.7824669999999998,-0.019478,-0.364457,-0.204352,-0.104729,0.980606,jogging
-2.179259,-1.510583,0.006971,0.003864,-0.001362,0.007511,0.000363,0.029779,-0.049335,0.998188,standing
1.996826,-1.445154,0.047806,-0.3345889999999999,0.233312,0.143721,-0.081213,-0.084989,0.114076,0.992117,upstairs
-0.581725,-1.455694,-0.801247,0.388689,0.192927,0.043574,-0.189947,0.21136,-0.063105,0.993383,downstairs
-1.497291,-1.160663,0.024734,-0.0252699999999999,-0.024509,-0.002862,0.012055,0.014601,-0.39762,0.917068,standing
0.640242,-1.391129,0.00903,-0.016546,-0.023632,-0.001266,0.00894,0.059202,0.106674,0.983903,standing
-2.022974,-1.369274,0.975078,-0.5693699999999999,-0.78685,0.053335,-0.2897,-0.018227,-0.180014,0.979763,downstairs
0.336617,-0.338865,-0.022574,-0.000298,0.00375,0.00735,-0.002049,-0.003933,0.311513,0.332417,sitting
1.6655779999999998,-1.269541,0.0087,0.010945,-0.003634,-0.001656,-0.004113,-0.01824,0.295388,0.954965,standing
0.150825,-1.238205,-2.833414,2.705247,-1.444323,-0.295165,-1.164896,0.10159,0.049056,0.9452,jogging
-1.311319,-1.420482,-0.037676,-0.106395,0.2671679999999999,0.013162,0.501632,0.03394,-0.144693,0.988724,upstairs
-0.1656,-0.0047539999999999,-0.006163,-0.0013369999999999,-0.000792,-0.002806,0.023826,-0.002034,-0.164842,0.0047539999999999,sitting
0.40663,-1.191581,0.092785,-0.29723,0.205085,0.045616,-0.092941,-0.302559,0.146416,0.928955,upstairs
0.232881,-0.419824,-0.00732,0.01278,0.010909,-0.0038619999999999,0.000924,-0.01481,0.2107409999999999,0.4076,sitting
-1.498856,-1.5040129999999998,0.055419,0.03715,0.022134,-0.002576,0.006593,0.008825,-0.066561,0.997771,standing
0.329555,-0.33145,0.0717759999999999,0.005829,-0.017747,0.01786,0.009714,0.009112,0.306008,0.325415,sitting
0.699608,-0.498486,-0.009732,-0.06435,-0.043798,-0.013587,-0.006539,-0.022989,0.565558,0.478096,sitting
-2.346275,-1.194547,-0.970065,0.482838,-0.870008,0.449639,0.109318,-0.297894,-0.262368,0.930049,walking
-1.614302,-1.467583,-3.744463,4.918121,-1.560484,-0.247327,-0.86121,-0.050376,-0.102862,0.994678,jogging
-3.125136,-1.378441,-0.402887,2.383747,0.401372,0.4156359999999999,0.113414,-0.074283,-0.003145,0.981557,downstairs
1.488944,-0.808722,-1.111437,2.888632,-2.603086,-0.2045529999999999,0.371092,0.181876,0.688104,0.723405,walking
-2.459855,-0.402792,0.007578,-0.000989,-0.000535,0.037189,-0.190832,0.096318,-0.5797,0.391988,sitting
-1.4118620000000002,1.333909,-0.213204,1.150344,0.25969,0.190697,0.65527,-0.251421,-0.231698,-0.972073,downstairs
-0.010255,-1.288077,0.752708,3.0994919999999997,0.221763,-0.353753,0.002392,1.350986,-0.002861,0.9603,downstairs
-0.536932,-1.105458,-1.209245,-3.175662,0.989662,-0.477772,-1.9307490000000005,0.913909,-0.229519,0.8936700000000001,jogging
-0.2313739999999999,-1.077521,1.505161,-1.923143,0.408281,-0.212294,-0.666095,0.65393,-0.108583,0.8807870000000001,upstairs
-1.513843,-1.319826,5.536465,-4.598129,1.077077,0.261276,-0.361754,0.089956,-0.247909,0.968672,jogging
-2.909609,-0.157532,-0.007652,0.0179889999999999,0.009851,-0.000408,-0.03243,-0.01164,-0.227055,0.156881,sitting
-1.75089,-1.42952,0.808662,0.010057,-0.173011,0.0374769999999999,-0.37259,-0.247886,-0.13849,0.990037,downstairs
1.625206,-1.1688040000000002,0.188137,0.298134,0.027531,-0.368438,-0.168239,0.065744,0.3906699999999999,0.920283,downstairs
-1.038078,-1.024185,-0.254421,0.312984,0.71765,-0.329146,0.5929439999999999,0.5602560000000001,-0.4477399999999999,0.854291,walking
-0.110252,-1.292669,0.0007509999999999,-0.023168,-0.0068439999999999,0.022319,0.005882,-0.015648,-0.030208,0.961571,standing
0.771373,-0.091859,0.000925,-0.001101,-0.001105,-0.000547,0.001471,-0.007916,0.694181,0.0917289999999999,sitting
0.2160929999999999,-0.8858010000000001,2.3052189999999997,-2.045784,0.486887,-0.070392,-0.2103809999999999,0.51746,0.135654,0.774422,upstairs
2.181704,-1.398077,3.61436,1.320552,-0.225617,-1.441592,2.16147,0.341109,0.140765,0.985121,jogging
-2.739055,-1.349256,-2.7974799999999997,3.5643629999999997,-0.758432,0.1082359999999999,0.711467,-2.626591,-0.0860809999999999,0.97556,jogging
-0.181677,-1.167512,-0.567059,4.063483,-1.259526,-0.228182,1.702675,0.401423,-0.070906,0.919777,walking
1.199021,-0.8422149999999999,2.871173,0.089577,0.328209,0.194966,0.2964219999999999,0.372073,0.620326,0.746119,jogging
3.1276349999999997,-0.835816,-2.155411,-0.951152,0.010587,-0.055853,-0.595497,-0.217425,0.009359,0.741844,upstairs
0.264016,-1.417389,4.879596,-0.97488,1.064874,0.596542,1.515635,0.366214,0.039872,0.988256,jogging
-2.841968,-1.384115,0.022649,0.057263,-0.074089,0.06184,0.005579,0.057397,-0.0547289999999999,0.982626,standing
1.828661,-1.510478,-0.006399,-0.006498,-0.002853,-0.001663,0.001666,-0.000129,0.058288,0.998181,standing
0.773838,-0.344158,-0.034453,0.037312,0.008083,0.00317,0.006956,-0.008716,0.6579020000000001,0.337404,sitting
0.5445989999999999,-0.186248,-0.001233,0.0016059999999999,0.001011,-0.008322,0.012703,-0.007968,0.509116,0.185173,sitting
-0.230533,-0.020486,0.0144419999999999,-0.000886,-0.0004349999999999,0.015146,0.026909,-0.006487,-0.2284489999999999,0.020484,sitting
-1.348656,-1.425288,-0.011719,0.01029,0.002445,-0.002408,0.005135,0.0156,-0.141421,0.989432,standing
-0.569106,-0.974693,-2.6191419999999996,0.7682,2.185015,-0.389341,0.098816,0.749147,-0.302539,0.8275299999999999,jogging
-2.243627,-1.157466,-0.409818,-0.3921949999999999,-0.1703589999999999,0.118888,0.695357,0.068635,-0.314109,0.915788,walking
0.7866890000000001,-0.091969,0.005949,-0.014846,0.005352,-0.009973,0.001269,-0.013406,0.705026,0.0918399999999999,sitting
2.069391,-0.78785,0.691267,2.241589,-0.438872,-0.387265,-0.211493,-0.789874,0.6194890000000001,0.708838,downstairs
-1.562332,-1.14464,0.4192189999999999,-0.624846,0.156501,0.18039,-0.5360189999999999,-0.022716,-0.41333,0.910561,walking
-1.257682,-1.410142,-0.005511,0.001026,-0.002457,0.022575,0.0120989999999999,0.0211699999999999,-0.152153,0.987123,standing
-0.317211,-0.911561,0.838053,2.977434,-0.360419,-0.114614,1.619009,0.363971,-0.19105,0.790461,walking
2.046102,-0.962697,-0.47884,-0.117531,-1.472189,-0.373977,0.336873,-0.394492,0.507949,0.820736,jogging
2.773664,-1.420696,-1.097458,-0.424756,0.457541,0.305312,0.577589,0.104084,0.053742,0.988756,walking
-2.7379119999999997,-1.386931,-1.826356,0.107938,1.024459,0.074392,-0.431692,-0.033151,-0.071782,0.983144,walking
-2.71714,-1.247183,-1.50036,-1.22019,-1.110406,-0.044051,0.0232509999999999,-0.245836,-0.1309519999999999,0.948093,downstairs
1.208619,-0.557416,1.480432,1.928355,-3.43468,-0.4263699999999999,1.212063,1.739871,0.793573,0.528995,jogging
-0.4067489999999999,-1.1606530000000002,0.273602,1.339276,-0.618522,0.28574,-0.587642,0.345769,-0.157749,0.917064,jogging
2.016332,-1.511136,0.0129169999999999,1.648904,0.2498159999999999,-0.18257,-0.15911,0.03625,0.053786,0.998221,upstairs
1.522268,-1.370317,-0.000164,0.071309,-0.007793,0.048844,-0.003577,-0.0419,0.198577,0.979971,standing
-1.927179,-1.254909,0.018193,0.041882,0.005649,0.008611,0.009043,-0.004279,-0.291112,0.950521,standing
0.246144,-1.522159,-1.972325,2.628263,0.452647,-0.531253,-0.378761,-0.653968,0.011844,0.998817,jogging
0.4104069999999999,-1.161384,-1.108524,2.410878,-0.833132,0.02004,-0.4653739999999999,0.615975,0.158823,0.917355,downstairs
0.78669,-0.090746,-0.000306,0.00571,-0.001075,-0.006513,0.004807,-0.016333,0.705106,0.090622,sitting
0.587479,-0.6859810000000001,0.009556,-0.014703,-0.002315,0.003744,0.015478,0.002202,0.428889,0.633432,sitting
-0.435551,-0.914466,-1.287277,0.397976,0.503908,-0.259851,-0.548722,-0.037246,-0.257453,0.792237,upstairs
-0.137999,-1.110884,-3.041521,2.398088,1.027334,0.047951,-0.079044,-0.298867,-0.061059,0.896091,jogging
-3.0193790000000003,-1.40216,0.020624,0.070611,0.004273,-0.0743289999999999,-0.001058,0.01755,-0.020428,0.985815,standing
-2.520649,-1.373887,-0.926502,-2.807507,-1.273497,-0.949008,0.55799,-0.174265,-0.113797,0.980676,downstairs
1.591136,-0.8961600000000001,0.661077,0.571813,1.182976,1.150907,-0.213902,-0.487359,0.624483,0.780934,downstairs
1.140133,-1.198903,0.294925,0.407153,0.392846,-0.1227819999999999,0.3337699999999999,0.132687,0.3301949999999999,0.931641,upstairs
0.818438,-1.4240700000000002,0.941857,-0.546014,0.260211,-0.031726,-0.007062,-0.3087519999999999,0.106723,0.989255,jogging
-2.009013,-1.052042,0.979838,-0.8371139999999999,-0.6329739999999999,0.485326,0.474397,-0.277679,-0.448934,0.8684379999999999,downstairs
3.136407,-1.4817209999999998,-1.0440200000000002,2.562481,-2.025264,0.658764,0.098996,-0.487675,0.000461,0.996035,jogging
0.296485,-1.475283,-0.086933,0.008798,-0.002101,-0.009236,-0.000538,0.042994,0.0276079999999999,0.995442,standing
0.599716,-1.082517,-0.7666970000000001,0.103238,0.04974,-0.062373,-1.386941,0.8400780000000001,0.264766,0.883141,jogging
1.091031,-1.448261,0.167231,-2.212228,1.16609,0.4267869999999999,1.281561,0.832785,0.10843,0.992502,downstairs
-1.453336,-1.223662,0.044399,0.0289649999999999,0.0410839999999999,-0.003692,0.01227,0.020582,-0.337861,0.940351,standing
-2.771205,-1.328247,0.287219,2.703482,-0.339436,0.370731,-0.976085,-0.349866,-0.086933,0.970729,jogging
-2.918778,-1.43029,0.00648,-0.013517,0.003371,-0.036163,0.011442,0.0325089999999999,-0.0309,0.990145,standing
1.494962,-0.899925,1.025759,0.848234,0.5387069999999999,-0.19268,0.359359,0.034907,0.61988,0.78328,upstairs
0.574689,-1.087546,1.49001,0.1224619999999999,0.748257,-0.114711,0.701684,-0.171343,0.2525739999999999,0.885489,downstairs
0.908761,-1.365631,0.110133,-0.1012179999999999,0.0617389999999999,0.051376,-0.006905,0.006702,0.160233,0.979027,standing
1.731909,-1.536275,-1.604769,0.174647,0.089957,-0.128394,-0.360519,0.099309,0.034049,0.999404,walking
0.495242,-0.961221,-1.061462,5.2038400000000005,0.191366,-0.8837809999999999,-0.736029,1.37704,0.2720869999999999,0.819891,jogging
-0.539686,-1.190384,1.497808,-0.231206,0.535746,0.574933,1.590043,-0.948083,-0.190793,0.928512,walking
-2.871932,-0.414916,0.0182699999999999,-0.014353,0.014301,0.0032,0.004769,-0.0037359999999999,-0.2438,0.403113,sitting
-2.536521,-1.396436,-0.8974850000000001,1.243278,-0.8045939999999999,0.792974,-1.315892,-0.89323,-0.0986679999999999,0.984838,jogging
-2.886242,-1.396652,0.4404869999999999,-1.51018,-0.151971,-0.249303,0.224353,-0.338351,-0.043757,0.984875,upstairs
2.36633,-1.45979,0.455783,0.5710270000000001,-0.638941,-0.296242,0.122488,0.2077099999999999,0.077522,0.993845,upstairs
-1.942326,-0.102344,1.6581689999999998,-0.071492,1.1488120000000002,2.60823,-0.29348,-0.203014,-0.926895,0.1021649999999999,jogging
2.24309,-1.140155,0.75751,0.049125,0.15886,-0.311921,0.029794,-0.475581,0.326585,0.908698,downstairs
0.977425,-0.757494,-0.008153,0.036717,0.002344,-0.008657,0.012543,-0.001803,0.602362,0.687103,sitting
0.684033,-1.413443,-0.047721,0.109839,-0.048195,0.0090829999999999,0.0143229999999999,0.034339,0.099026,0.987645,standing
0.523687,-0.218606,0.00251,-0.000733,-0.0022329999999999,-0.00296,0.012882,-0.005368,0.488174,0.216869,sitting
-0.614482,-1.056453,-0.080015,-0.836707,1.600619,-0.247677,-0.055019,0.2131719999999999,-0.283634,0.870616,downstairs
-0.207735,-1.422012,1.611093,-0.8939309999999999,-0.044206,-0.343126,0.019532,-0.030649,-0.030561,0.988952,upstairs
-2.828662,-1.233855,1.490721,-0.225953,0.241188,-0.100105,-0.266524,-0.199217,-0.101769,0.94377,upstairs
0.359668,-1.415166,0.8521350000000001,0.930649,-0.157883,-0.0034289999999999,0.4526229999999999,-0.687109,0.054546,0.987914,jogging
-2.816307,-1.124092,0.631717,0.528439,-0.2137949999999999,0.697978,-0.88265,-0.317621,-0.1380569999999999,0.901876,jogging
-2.4293310000000004,-1.249934,2.806514,2.870359,0.959294,-0.531939,0.4595439999999999,-0.4156439999999999,-0.206113,0.948964,upstairs
1.057569,-0.399678,-2.346326,2.8330040000000003,-2.102309,-2.233244,-0.437034,1.7449880000000002,0.802504,0.3891219999999999,jogging
0.369021,-1.208843,-2.393222,-0.791637,-0.868167,0.13642,-0.411724,-0.388364,0.127725,0.935207,walking
-1.7373599999999998,-0.993608,0.57911,-1.116433,-0.466504,0.153825,0.1361359999999999,-0.1363369999999999,-0.538118,0.838,upstairs
1.469928,0.178911,-1.182399,2.054366,-0.969225,-0.660826,-0.180426,-0.191819,0.979033,-0.177958,jogging
-1.215015,-1.398184,0.008725,-0.044372,-0.002937,-0.0098409999999999,0.005873,0.0155139999999999,-0.160997,0.98514,standing
2.949973,-1.086192,-2.73652,-2.934577,-1.168123,0.071756,-0.069201,-0.60596,0.088721,0.8848590000000001,downstairs
1.803592,-0.702485,1.341527,-4.557675,1.79119,2.757884,4.703538,-1.195636,0.742635,0.646117,jogging
-2.76499,-1.377621,1.754687,-0.642768,1.870753,-0.13571,-0.423981,-0.549193,-0.070573,0.9814,jogging
0.17897,-0.602387,-1.380931,-1.7456619999999998,0.259205,0.505142,0.359796,-0.085584,0.1466829999999999,0.566611,upstairs
0.523788,-1.035467,0.036539,2.638405,1.179518,-0.533924,0.320563,0.621786,0.2551449999999999,0.860101,walking
0.741738,-0.965465,1.836918,0.6529050000000001,2.203075,0.504617,0.559675,0.287327,0.384421,0.822314,jogging
-0.279114,-1.22366,-0.129271,1.920573,-1.086627,-0.022974,-0.147123,0.189119,-0.093725,0.940351,upstairs
-0.169235,-0.000698,0.002878,0.005064,-0.000651,-0.003935,0.027225,-0.0049479999999999,-0.168429,0.000698,sitting
-0.8761899999999999,-1.471924,-0.64015,1.010689,0.361892,0.035585,-0.290038,0.068372,-0.075823,0.995116,upstairs
0.768417,-0.338801,-0.030288,0.05226,-0.005776,0.009123,0.017344,-0.006509,0.655488,0.332357,sitting
-1.261167,1.297129,-0.507268,0.31905,0.065249,-0.151298,0.081744,0.1083,-0.257394,-0.962786,downstairs
0.686189,-1.355799,-0.0468019999999999,-0.168242,0.032813,-0.00851,0.011365,0.0448579999999999,0.134944,0.976977,standing
-1.702198,-1.414365,-0.012821,0.0178669999999999,-0.019547,-0.000791,0.0047799999999999,0.002414,-0.154452,0.987789,standing
-1.92362,-1.471914,-0.104963,-1.380862,-0.038432,-0.201416,-0.259184,0.116256,-0.092575,0.995115,upstairs
0.831658,-1.147294,2.989233,-4.5056400000000005,0.108798,0.180064,0.953182,-0.101348,0.303716,0.911655,downstairs
1.951861,-1.482126,-0.473317,0.774714,-0.256509,0.350689,0.02462,-0.129455,0.082111,0.996071,walking
0.542312,-0.160553,0.0587139999999999,0.066558,-0.009203,0.012737,0.045672,-0.010974,0.50948,0.159864,sitting
-1.712223,-0.996928,2.605023,-0.324928,0.784316,-0.055126,0.183081,0.052582,-0.537464,0.839807,walking
-2.711177,-1.186143,1.36264,0.3045219999999999,0.561333,-0.144072,0.06973,0.3044739999999999,-0.156556,0.926928,downstairs
0.4440729999999999,-0.376154,-0.009151,-0.017633,0.010119,0.0036149999999999,0.008768,-0.006927,0.3995829999999999,0.367346,sitting
-1.780789,-1.3803299999999998,-1.6045280000000002,2.037451,-0.251026,0.250616,-0.0704019999999999,0.004261,-0.185049,0.981916,walking
-0.7147220000000001,-1.248579,-2.265314,-0.162352,-0.766683,0.095317,0.076825,0.190464,-0.2075449999999999,0.948536,downstairs
-0.892159,-1.446345,1.557714,0.379807,-2.399747,-1.516414,0.98509,-0.239267,-0.096623,0.992266,downstairs
-3.030556,-1.105284,-0.795431,2.358612,-0.514333,0.28947,-0.794013,-0.762545,-0.049739,0.893592,jogging
-2.27107,-1.348413,-0.269303,-0.4588399999999999,-0.226768,0.231911,0.62776,-0.4097989999999999,-0.168648,0.975375,upstairs
-0.09702,-1.099598,-0.611456,-2.512461,0.4062929999999999,-0.307116,-0.4524109999999999,0.387321,-0.043974,0.891025,downstairs
0.295825,-1.259837,-0.016293,-0.001638,0.007861,0.03321,0.018083,0.050416,0.089181,0.952041,standing
1.209464,-1.464026,1.069222,-0.176305,-0.165487,0.040917,-0.433453,0.185837,0.099647,0.994305,downstairs
0.343358,-0.3567079999999999,-0.004789,-0.0264949999999999,0.0205,-0.004958,0.003806,-0.012115,0.315459,0.349191,sitting
-0.280538,-1.369504,0.5610729999999999,-2.012047,1.0671,-0.142275,-0.6347619999999999,0.303523,-0.055357,0.979809,walking
1.174977,-1.267884,-1.24721,-0.8681989999999999,-0.344226,0.011217,0.054073,0.218462,0.275221,0.954472,downstairs
0.677712,-0.492164,0.008375,-0.002202,0.004853,-0.0096099999999999,0.020691,0.00549,0.5525939999999999,0.472534,sitting
-0.564624,-1.3781139999999998,1.393616,-0.255646,-0.986858,-0.4154069999999999,-0.214114,-0.739509,-0.102445,0.981494,jogging
1.715386,-0.310711,-0.494166,0.486308,-1.117636,-1.62421,-0.821498,-0.200922,0.942173,0.305736,jogging
1.541248,-1.456817,0.303491,0.7247640000000001,-0.0889669999999999,0.209085,-1.261898,0.290894,0.113592,0.993511,jogging
-2.415179,-1.377338,1.319072,1.7690740000000005,-1.138639,0.902712,-1.057502,0.178749,-0.127688,0.981345,jogging
2.282075,-1.022512,0.06555,0.025501,-0.128557,-0.008854,-0.0453449999999999,0.092657,0.394657,0.8534200000000001,standing
0.025555,-0.942196,0.002449,0.010255,-0.0086819999999999,0.039754,0.023638,0.017153,0.015025,0.808851,sitting
-0.046528,-0.2398489999999999,0.002811,-0.013809,-0.012539,0.0295089999999999,0.0330279999999999,0.0,-0.04518,0.237556,sitting
0.893343,-1.250002,1.077441,0.681597,2.063126,0.144943,-0.158946,0.092251,0.245666,0.948985,upstairs
0.673307,-1.46918,3.730765,5.237911,0.985783,-1.378509,1.761552,0.276038,0.063247,0.994841,jogging
0.566213,-0.991774,-0.1057589999999999,-1.193517,0.319096,-0.469851,0.112633,0.067511,0.293536,0.8369979999999999,walking
0.551531,-0.235779,0.000958,-0.004448,0.008325,0.000729,0.01019,-0.002668,0.509494,0.2336,sitting
-0.298819,-1.3136290000000002,-0.862167,-0.222159,0.038894,-0.05646,-0.374967,-0.021621,-0.074872,0.967114,downstairs
2.97611,-1.241474,-1.619118,-0.5681039999999999,-1.542073,0.1088819999999999,-0.157764,-0.3996389999999999,0.053273,0.946262,upstairs
-1.828779,-1.444285,-0.870265,-1.101514,0.271574,0.147298,-0.154041,-0.0530039999999999,-0.121998,0.992008,downstairs
-2.837128,-1.09135,-2.35377,-4.117599,-1.250436,-1.525242,1.856127,2.852256,-0.138286,0.88725,downstairs
-3.134791,-1.207166,0.1139109999999999,-1.420118,-0.561566,0.1059339999999999,-0.7466079999999999,-0.424861,-0.002419,0.934612,walking
0.053568,-1.115472,-2.47498,1.615745,-0.055886,0.077804,-0.816148,0.483476,0.023545,0.8981180000000001,jogging
2.7738389999999997,-1.526958,-0.550149,0.200737,-0.09472,0.117474,0.081924,-0.1200349999999999,0.015659,0.999039,walking
0.489654,-0.428347,-0.155406,0.099273,0.043476,-0.018557,0.002357,-0.011811,0.427828,0.415367,sitting
-2.663576,-0.095997,0.0055119999999999,0.028356,0.007428,0.002289,-0.000177,-0.003984,-0.457901,0.09585,sitting
-1.397026,-1.443208,-2.18114,-3.4380629999999996,-2.32382,-0.0366019999999999,2.69781,1.132185,-0.125248,0.991872,jogging
0.647123,-0.607979,-0.018969,0.00506,-0.025158,0.019775,-0.018429,0.006494,0.494858,0.571209,sitting
-0.2330159999999999,-0.016359,-0.00498,-0.0010279999999999,-0.001475,0.013506,0.0260459999999999,-0.005977,-0.230883,0.016358,sitting
-2.27425,-0.3430269999999999,-0.00099,0.003338,-0.0029519999999999,0.013472,-0.012639,0.010917,-0.718184,0.336339,sitting
-1.205167,-1.392891,-0.037073,0.02946,-0.018064,0.016665,0.003225,0.021112,-0.16527,0.984217,standing
-0.8479760000000001,-1.454371,5.79758,-0.529846,-0.213639,0.138839,1.080531,0.7967350000000001,-0.087097,0.99323,jogging
1.377533,-1.350247,-0.557377,0.275561,-0.304627,0.42425,0.602592,-0.1469349999999999,0.214682,0.975778,upstairs
-2.088311,-0.439061,-0.0015019999999999,0.000671,0.001388,0.0135909999999999,0.006246,0.0130979999999999,-0.786616,0.4250899999999999,sitting
-1.365873,-1.397431,-0.020722,0.055446,0.002224,0.01856,0.03562,-0.006972,-0.1688599999999999,0.98501,standing
1.447898,0.045489,5.992448,10.157055,-1.120733,1.637007,1.052172,1.753596,0.991427,-0.045473,jogging
-1.515207,-1.373649,-0.119324,-0.227385,0.0174,-0.05616,0.008827,-0.049024,-0.195549,0.980629,standing
1.213281,-1.21426,0.1355589999999999,2.895848,-0.399028,-0.704237,-0.986351,0.498093,0.326933,0.937111,jogging
-2.673304,-0.095773,0.002319,0.001837,0.001282,0.001538,-0.002091,-0.00364,-0.449291,0.095627,sitting
0.8395879999999999,-1.090411,-1.269891,-1.769775,-3.347263,-0.476805,-0.432899,0.742525,0.343977,0.886817,jogging
0.804442,-0.087242,0.000975,0.00293,-0.001126,-0.012366,0.002179,-0.016537,0.717704,0.087131,sitting
3.002639,-1.338264,1.02505,1.369685,0.286978,0.263218,0.263425,-0.15211,0.031918,0.973086,upstairs
0.7705770000000001,-1.24073,-2.083637,-0.944109,-2.345109,-0.024565,-0.3739989999999999,1.173997,0.225752,0.946021,jogging
2.849309,-1.433137,0.003261,-0.000268,-0.0056479999999999,-0.032399,0.00679,-0.030347,0.03954,0.99054,standing
-1.493562,-1.273399,2.038383,0.077439,1.41636,-0.244392,-0.202013,0.136799,-0.292061,0.956102,jogging
1.573864,-1.499188,4.597329,-5.596787,0.131821,0.2051739999999999,0.110152,0.7713869999999999,0.071544,0.997437,jogging
0.616794,-1.078265,2.2456419999999997,-3.618587,0.035168,0.052479,0.7497659999999999,0.338851,0.27351,0.8811389999999999,downstairs
1.81062,-1.440705,0.144551,-0.056049,-0.365361,-0.137067,0.6984520000000001,-0.0821419999999999,0.126004,0.99155,upstairs
0.296066,-0.322617,0.006914,0.024239,0.009976,0.005336,-0.0103629999999999,-0.01354,0.276708,0.3170489999999999,sitting
-2.056059,-0.588705,0.006852,0.0141979999999999,0.000462,-0.00621,-0.024081,0.028266,-0.735642,0.555285,sitting
0.7531329999999999,-1.246019,-0.568551,1.407673,-1.105049,0.15141,-0.067076,0.004352,0.218219,0.947722,walking
0.1439369999999999,-0.919994,0.020048,-0.019525,0.004338,0.003814,0.009822,0.00134,0.0869,0.7955979999999999,sitting
-1.413737,-1.175654,0.008822,-0.045669,-0.004469,-0.018867,0.001634,0.1086839999999999,-0.380181,0.922942,standing
0.693198,-1.136004,-2.261247,0.226719,-2.478898,0.0290399999999999,0.458079,0.486374,0.2691469999999999,0.906957,walking
0.291223,-1.486857,0.6372369999999999,0.685109,0.193405,0.154396,0.5568350000000001,-0.202811,0.024056,0.996479,upstairs
0.94242,-1.301042,-1.37737,0.694357,-0.342537,0.033654,-0.344925,-0.034676,0.2155679999999999,0.963836,upstairs
-1.566454,-1.365635,0.014318,-0.009214,-0.0082849999999999,-0.017758,0.003897,0.008407,-0.203723,0.979028,standing
-2.469821,-0.578194,-0.00807,-0.008221,-0.001018,0.040754,-0.124699,0.112271,-0.521207,0.546513,sitting
0.501785,-0.1968099999999999,-0.001145,0.002999,0.000955,0.003468,0.031814,0.005232,0.471706,0.195542,sitting
-1.367882,-1.152855,-0.0142759999999999,0.062671,-0.015815,-0.029023,0.010588,0.083473,-0.397551,0.913926,standing
1.930038,-1.428856,0.569991,-1.301427,-1.240042,-0.256569,-0.465163,-0.089206,0.132347,0.989943,jogging
0.999344,-1.394188,-0.013187,0.012371,-0.0089909999999999,0.046418,0.00495,0.001936,0.147597,0.984445,standing
-0.0044729999999999,0.040909,0.00486,-0.004131,-0.004383,0.005141,0.010227,-0.0096969999999999,-0.004469,-0.040897,sitting
-2.5527040000000003,-0.169428,0.0033079999999999,-0.024567,0.009737,0.032478,-0.029718,0.022399,-0.547478,0.168619,sitting
-2.6659439999999996,-0.096494,0.012453,0.005704,-0.0087239999999999,-0.006815,-0.005722,-0.027011,-0.455785,0.096344,sitting
0.009112,-0.046125,0.000227,-0.000154,0.005739,0.0100629999999999,0.007312,0.007181,0.0091019999999999,0.046109,sitting
0.194839,-0.475808,-0.009443,-6.2e-05,-0.002937,-0.008834,0.031979,0.0094939999999999,0.172103,0.458057,sitting
0.3800199999999999,-1.4333360000000002,2.9177470000000003,-1.565589,0.449613,-0.487285,0.739306,0.926369,0.050823,0.990567,jogging
1.427784,-1.119336,-1.099862,1.908988,-1.443044,-0.401823,-0.095078,-0.548143,0.431807,0.899811,jogging
-2.903754,-0.417728,0.000374,0.001967,0.003854,-0.00298,-0.00238,-0.001423,-0.2153429999999999,0.405685,sitting
-0.45945,-1.35984,5.328298,-3.50978,1.023206,1.136737,3.377439,0.8276549999999999,-0.0928529999999999,0.977831,jogging
1.97557,-1.502296,-3.3494699999999997,0.229283,0.8287200000000001,0.8057770000000001,0.2223619999999999,-0.052884,0.062677,0.997655,walking
1.565458,-1.331976,-1.194341,0.61352,-0.199422,0.326138,0.212022,-0.151478,0.2365139999999999,0.971618,upstairs
2.191432,-1.421249,0.011812,0.0283709999999999,-0.001323,0.016612,0.013725,0.009759,0.121205,0.988839,standing
-2.530168,-1.280355,0.7858350000000001,1.78798,-0.275325,0.1462619999999999,-0.3715699999999999,-0.172145,-0.164389,0.958118,jogging
0.680351,-1.125066,-1.7288169999999998,1.985425,-0.7330810000000001,-0.064033,0.036654,0.115266,0.271201,0.902296,upstairs
-0.078107,-1.187808,0.504843,-0.2059969999999999,0.2847929999999999,-0.063692,0.390884,0.172119,-0.029157,0.927552,walking
-0.675956,-0.581454,-2.412339,-0.062366,0.474618,0.002378,-0.1338349999999999,0.221577,-0.522825,0.54924,upstairs
-2.576727,-1.488535,-0.013699,-0.004751,0.018434,0.0044859999999999,0.002375,0.010582,-0.043685,0.996618,standing
-1.712359,-1.312565,-0.305925,-0.320837,-0.012129,0.018305,0.044174,0.008826,-0.252741,0.966843,standing
-0.082106,-1.166565,-2.286861,1.6829150000000002,-2.977148,-0.748062,-1.812593,0.658665,-0.032257,0.919405,jogging
1.964474,-1.51094,-0.003077,-0.022043,0.002085,-0.002648,0.004217,0.000796,0.055246,0.998209,standing
-2.453795,-0.336534,1.361918,2.659806,0.858146,-1.122301,-0.5777,0.231008,-0.599226,0.330217,upstairs
1.019693,-1.261972,-0.047473,-0.01583,-0.0027199999999999,0.047192,0.000342,-0.025992,0.258777,0.952691,standing
0.8460340000000001,-1.277288,-0.5586409999999999,0.58692,0.067827,-0.017726,-0.110952,0.035617,0.216548,0.957235,upstairs
-1.089024,-1.447934,0.015649,-0.049291,-0.03374,-0.018722,-0.013092,0.05463,-0.108567,0.992462,standing
1.054081,-1.035544,-3.709204,1.6064459999999998,-1.334766,1.7026580000000002,1.071226,-0.3644469999999999,0.44346,0.86014,jogging
-0.1035869999999999,-1.456899,0.650166,1.559843,2.4146330000000003,-0.469205,0.804682,-0.125132,-0.011752,0.993521,walking
-1.83896,-0.967812,2.415929,1.469666,2.817991,1.782811,-2.046913,-0.564124,-0.546834,0.8236469999999999,jogging
0.5784090000000001,-0.674559,-0.005236,0.014222,0.008898,0.009948,-0.005718,-0.008136,0.426957,0.624553,sitting
0.6847449999999999,-1.165207,-0.192621,1.097834,-0.149243,0.188095,-0.109056,-0.31881,0.249543,0.91887,upstairs
-1.904825,-1.286736,3.905669,7.001208,3.108492,1.561492,-0.235713,-1.5493059999999998,-0.264754,0.959925,jogging
1.234153,-1.316755,0.42138,1.772174,0.382754,0.153581,0.3758599999999999,0.101631,0.237166,0.967905,downstairs
2.689447,-1.48263,-0.106459,-0.003936,-0.196846,0.126998,0.031945,0.05268,0.038468,0.996116,standing
-0.000261,-0.78877,-1.594062,1.668739,0.075283,-0.062621,0.792619,-0.466487,-0.000184,0.709487,upstairs
1.5451469999999998,-1.498466,0.019932,0.024706,0.006084,-0.022579,0.003973,0.013884,0.071895,0.997385,standing
0.053813,-1.007902,-1.363241,1.017657,-0.347493,-0.01979,-0.723583,0.857247,0.028702,0.845714,walking
0.393554,-0.8339989999999999,0.279428,-0.958725,0.442617,0.223996,0.1111819999999999,-0.1466589999999999,0.257663,0.740624,walking
0.983006,-0.743826,0.0112129999999999,-0.0176419999999999,0.001843,0.001986,0.009506,-0.00551,0.612378,0.677109,sitting
1.964692,-0.252482,-0.273135,-1.409619,0.754654,-1.207978,-0.993109,-0.6499520000000001,0.894135,0.249808,jogging
0.476471,-0.163476,0.0002569999999999,0.000332,-0.003556,-0.014955,0.023287,-0.010375,0.452531,0.162749,sitting
-3.049527,-1.069941,-0.6618689999999999,-1.956091,-0.515529,0.282547,-0.533926,-0.377534,-0.044143,0.877172,walking
0.644127,-0.594399,6.6e-05,0.008701,-0.001802,-0.016533,0.031984,0.005098,0.497506,0.5600109999999999,sitting
-1.805625,-1.2537,-0.01055,-0.052371,-0.004642,-0.001447,0.010793,-0.0061189999999999,-0.30321,0.950145,standing
0.3633659999999999,-1.092039,2.505225,-2.2638830000000003,1.294132,-0.093113,-0.042308,0.419097,0.163731,0.887568,downstairs
-0.647393,-0.416958,-1.908698,-0.134929,0.8659969999999999,-0.223086,0.060015,0.100944,-0.551435,0.404981,upstairs
-1.892016,-1.483639,2.0359540000000003,1.317827,-0.35074,-0.149399,0.6041989999999999,-0.41201,-0.082336,0.996204,walking
-1.09748,-1.312335,-1.399006,-0.868268,-2.941903,0.52504,0.232328,0.0759669999999999,-0.227494,0.966784,walking
0.78364,-0.5407489999999999,-0.2105159999999999,0.294078,-0.252191,0.126387,-0.5356529999999999,-0.102862,0.60515,0.514779,upstairs
-0.647393,-0.794397,-1.855041,-0.077725,0.622656,0.096419,-0.336473,0.053299,-0.422606,0.713441,walking
-0.780215,-1.265527,2.935559,2.428768,2.410792,-2.26305,2.217819,0.972918,-0.211407,0.953766,jogging
-1.422198,-1.238125,0.071837,-0.132963,0.006177,-0.014366,0.00432,0.023336,-0.322945,0.945173,standing
0.399675,-1.389167,-0.019086,0.143556,0.0149919999999999,0.034006,0.011017,0.016525,0.070288,0.983551,standing
-1.883361,-0.79962,1.897574,-1.366668,2.077729,1.588441,-1.387455,-0.676709,-0.663209,0.717091,jogging
-2.995638,-0.7165100000000001,-1.311493,-1.085935,-0.0324459999999999,0.0559,-0.345309,-0.100957,-0.109672,0.6567569999999999,upstairs
0.99314,-1.314999,0.793834,-0.306131,1.178299,-0.5648989999999999,-1.167932,0.084488,0.211948,0.967462,jogging
-1.473074,-0.656046,-0.046201,1.988589,0.738146,0.229552,0.325727,-0.079533,-0.788619,0.609988,upstairs
-1.7202419999999998,-0.872508,0.465477,1.201993,1.222272,0.571072,0.129366,-0.320759,-0.635739,0.765944,jogging
-0.368174,-1.175282,-0.8505799999999999,-1.140373,-1.031751,0.226383,0.988914,1.113595,-0.1386609999999999,0.922799,walking
0.4584979999999999,-0.057461,-0.009682,0.032977,-0.00669,0.004311,6.6e-05,-0.002314,0.441872,0.0574299999999999,sitting
-0.043331,-1.240563,-1.697807,1.018456,0.205308,-0.637046,-0.954573,0.033417,-0.014046,0.945967,walking
0.468467,-1.258125,-2.005394,1.597403,0.674918,-0.213454,-0.227684,0.205469,0.138869,0.951515,walking
1.302965,-1.427872,0.4564229999999999,0.751599,-0.0972659999999999,0.186892,-0.305508,-0.258217,0.137312,0.989804,downstairs
-0.373963,-1.2473610000000002,2.242117,0.4652449999999999,0.81505,0.31065,-0.191405,0.693998,-0.1161,0.948149,walking
-0.680245,-1.182652,-2.188311,1.528612,1.110434,0.460702,-1.758163,0.765551,-0.238046,0.925613,jogging
0.216784,0.114,-0.003185,0.001634,-0.000444,0.002493,-0.001557,-0.001715,0.213694,-0.1137529999999999,sitting
1.901406,-1.449465,-0.5263720000000001,0.540141,-0.254974,-0.142077,0.2198909999999999,-0.261975,0.114474,0.992648,upstairs
-3.050953,-1.478685,2.3786099999999997,-2.117428,-0.730434,-0.2898139999999999,0.133496,-0.405744,-0.008313,0.995761,upstairs
-1.706835,-1.3051,0.037642,-0.000916,0.117051,-0.0284199999999999,-0.02361,0.072016,-0.260108,0.96491,standing
-1.553479,-1.215371,-0.0408269999999999,0.073539,-0.0116,0.006286,0.0075239999999999,-0.010454,-0.34793,0.937499,standing
0.624462,-0.319453,-1.344676,0.616995,0.4313109999999999,-0.675945,0.012521,0.80087,0.55508,0.314048,walking
-0.331567,-0.985787,-3.138856,1.242954,-0.8537379999999999,-0.045845,0.331256,0.110277,-0.179756,0.833707,walking
0.8363520000000001,-1.046428,0.8639690000000001,0.35907,0.340613,-0.000606,0.200781,0.286077,0.371593,0.865641,downstairs
0.567711,-1.4453,-0.993812,-1.02884,0.082974,0.043485,-0.285654,0.035854,0.0672789999999999,0.992136,downstairs
1.944759,-1.404285,0.005952,-0.080346,0.00938,0.013458,0.005545,-0.024986,0.154267,0.986169,standing
-0.943147,-1.246799,-1.6269049999999998,3.393186,0.091205,2.569912,1.341626,2.623214,-0.257656,0.947971,downstairs
0.188353,-1.529648,-0.0222449999999999,0.014918,0.0045369999999999,0.01792,0.00045,0.039763,0.007684,0.999153,standing
-1.202841,-1.340943,-0.388561,2.127306,0.88685,0.320766,-1.208868,0.797691,-0.2125659999999999,0.9737,downstairs
0.2354929999999999,-0.417012,-0.00015,0.0027129999999999,0.004808,-0.0018859999999999,0.005843,-0.008042,0.213328,0.405031,sitting
0.432883,-1.173863,-0.0530309999999999,2.3259369999999997,-1.995809,0.731295,0.69219,0.737219,0.162169,0.922251,jogging
2.738913,-1.272599,0.5203180000000001,0.614314,0.547263,0.101717,0.056599,-0.130841,0.1151259999999999,0.955868,upstairs
-0.908727,-1.348842,0.46848,0.1496029999999999,0.248853,0.119518,0.04835,-0.238585,-0.17361,0.975469,downstairs
-3.031573,-0.935217,-0.179717,3.3693199999999996,0.192294,-0.252448,0.502462,-0.668773,-0.065179,0.804728,upstairs
1.206358,-1.235551,-1.0779530000000002,2.102072,-2.05731,-0.7555310000000001,-1.464548,-0.287251,0.307381,0.94433,jogging
-2.409982,-1.2559790000000002,-0.250532,1.440448,0.261355,-0.124622,0.2499219999999999,-0.462258,-0.2068449999999999,0.950853,upstairs
-0.691948,-1.411286,4.0881419999999995,1.409103,-1.795507,-0.140019,0.568237,0.049115,-0.101299,0.987305,upstairs
-2.064028,-0.4284199999999999,0.0056549999999999,0.007575,-0.002628,0.010262,0.002977,0.01701,-0.8012020000000001,0.415434,sitting
0.7173229999999999,-1.284909,-0.0034659999999999,-0.092699,0.072195,-0.008012,0.013977,0.0617789999999999,0.185151,0.959412,standing
-1.586935,-1.188508,0.5381779999999999,-0.281641,0.0276769999999999,0.072048,0.048032,-0.009086,-0.3729369999999999,0.927814,standing
-0.2007789999999999,-0.0137949999999999,0.007197,0.001082,0.00083,0.002652,0.021056,-0.005259,-0.199414,0.0137949999999999,sitting
0.6763779999999999,1.220144,-2.168725,1.613104,0.510571,0.001367,0.003068,0.938893,0.215018,-0.939149,upstairs
-1.10875,-1.413712,-0.0312879999999999,0.010426,-0.013246,0.0067819999999999,0.0092909999999999,0.063514,-0.1396089999999999,0.987688,standing
-2.403101,-0.23419,-0.000541,0.005674,0.00191,-0.00035,0.005676,-0.003681,-0.654787,0.2320559999999999,sitting
0.301164,-1.417317,2.394658,-0.1546259999999999,1.505534,0.00911,0.072759,0.027924,0.045348,0.988245,upstairs
-2.954923,-1.49957,-1.540089,2.148515,-1.973706,0.635761,0.7353390000000001,-0.556656,-0.013188,0.997464,jogging
0.6406350000000001,-1.324582,-0.691384,-0.428163,-0.083247,-0.097265,0.096,0.153643,0.145681,0.969842,downstairs
0.148022,-1.430034,-2.758334,-4.547988,-0.725325,0.289536,1.970508,0.718638,0.020691,0.990109,jogging
1.0696,-1.128506,-0.628127,-0.746163,0.922864,0.578751,-0.318218,0.152797,0.375351,0.903774,downstairs
1.539133,-1.232234,0.00581,0.001928,0.00047,-0.008749,0.006642,0.013276,0.331961,0.943233,standing
1.612291,-1.265246,0.150191,0.053937,-0.0828179999999999,0.012017,-0.00724,-0.009059,0.300529,0.953682,standing
0.197272,-0.840791,-1.007122,0.599326,-0.3212239999999999,0.190799,-0.324608,-0.013572,0.130704,0.745171,upstairs
1.550141,-1.366214,1.49035,-0.478675,0.057809,-0.4228159999999999,-0.041097,0.268692,0.203105,0.979146,upstairs
2.4652,-1.160377,0.1648359999999999,1.601781,-0.838342,-0.348585,-0.409217,0.065449,0.249754,0.916954,downstairs
-1.102685,-1.017469,0.253703,-0.707902,0.347607,0.3239849999999999,-0.451092,0.256252,-0.468959,0.8507809999999999,walking
1.962581,-1.2026059999999998,-0.474992,0.741803,-0.34508,-0.346353,-0.290677,-0.410802,0.332636,0.93298,downstairs
-3.0406470000000003,-1.467991,-0.2792929999999999,-0.669126,-0.192349,0.0742179999999999,-0.057861,0.006406,-0.010329,0.99472,walking
2.071385,-1.4195,-0.0264529999999999,0.392021,0.01745,0.09429,-0.026128,0.042775,0.132227,0.988576,standing
-2.218868,-1.361659,-1.421449,1.119967,-0.4097909999999999,-0.035026,-0.046402,0.013483,-0.165459,0.97821,walking
0.481989,0.587305,-1.104243,0.725406,-0.318401,-0.131155,0.258969,0.384863,0.38587,-0.55412,upstairs
0.978569,-0.643416,2.947474,0.885009,0.491022,1.966511,-0.239352,0.340622,0.663799,0.599932,jogging
-0.0635889999999999,-1.047775,-0.651933,0.508026,-0.135577,-0.645415,1.404377,-1.024566,-0.0317389999999999,0.8663139999999999,walking
-1.888938,-0.117404,3.098693,-2.759711,-1.834028,0.360239,0.687904,-0.6750430000000001,-0.943277,0.1171339999999999,jogging
-0.294267,-1.188079,-0.361714,-0.816245,-0.244069,0.057621,-0.499034,0.151069,-0.1083109999999999,0.927653,downstairs
1.447242,-1.060211,-0.7985369999999999,2.096509,-0.396417,-0.7540720000000001,-0.5832890000000001,1.141875,0.4849529999999999,0.872459,jogging
1.7747669999999998,-1.397995,-0.002794,0.007376,0.003135,-0.013092,0.0082709999999999,0.015925,0.168366,0.985107,standing
-1.919374,-1.385235,-0.109421,0.389852,-0.168013,-0.065352,-0.01448,0.096348,-0.173311,0.982833,standing
-1.716648,-0.951612,-1.455407,0.792272,-0.844908,0.074056,0.157434,-0.666532,-0.574209,0.8143520000000001,jogging
-0.00468,0.078232,-0.000722,-0.010887,0.00275,0.008893,0.009732,-0.00426,-0.004666,-0.078153,sitting
1.941407,-1.475272,-0.2090929999999999,1.141537,-0.002149,-0.066776,0.309155,-0.003822,0.088886,0.995441,upstairs
-2.239051,-1.3694959999999998,4.8837150000000005,7.443275999999999,1.7257650000000002,0.348461,-1.769404,-1.80086,-0.156918,0.979807,jogging
-0.245468,-1.299926,3.6373,-0.424047,-0.580996,-0.493442,0.128228,0.385737,-0.065014,0.963539,walking
0.897538,-0.8039850000000001,-2.660575,0.921066,-0.6603680000000001,-0.878222,-0.898349,0.837952,0.542437,0.7201270000000001,jogging
1.3787049999999998,-1.515576,-0.126609,-0.7265510000000001,0.196518,0.093652,-0.188677,-0.06511,0.054129,0.998476,downstairs
2.441992,1.246736,-0.390409,-0.667694,1.012506,-0.0513659999999999,0.155058,-0.521345,0.205006,-0.94795,walking
-2.231962,-1.416173,0.546204,3.1790990000000003,-0.143505,0.356271,-0.325304,-1.007633,-0.12153,0.98807,downstairs
1.389285,-0.486963,-1.77708,-0.8320879999999999,0.068544,0.074517,0.044675,-0.0797399999999999,0.869239,0.4679439999999999,downstairs
-0.0444009999999999,0.015262,-0.014882,0.02318,0.038529,0.0092859999999999,0.067004,-0.004016,-0.044381,-0.015262,sitting
1.7027290000000002,-0.989922,0.728967,-1.219257,1.150659,0.383179,-0.006103,0.016224,0.54396,0.835983,walking
-0.594865,-1.160787,-1.786445,2.118757,0.85982,-0.245646,-0.026141,-0.555071,-0.223379,0.917117,upstairs
0.363375,-0.8560540000000001,1.299573,0.661395,1.881427,1.035552,0.754183,-0.35123,0.232957,0.755262,walking
0.784279,-0.091222,0.000733,0.003399,-3.8e-05,-0.010278,0.001784,-0.015795,0.703378,0.091096,sitting
-0.2776969999999999,-1.291018,4.755152,1.298991,-0.307264,-0.392165,1.411396,0.200539,-0.0757,0.961117,jogging
0.449756,-1.463463,-0.067059,0.5147390000000001,0.7484970000000001,-0.308444,-1.074873,0.207784,0.046557,0.994245,jogging
0.736437,-1.541239,-0.011011,-0.012995,-0.000491,-0.007994,0.01008,-0.0072349999999999,0.019835,0.999563,standing
2.907876,-0.49858,-2.54744,-0.847459,-0.318001,-0.089626,-0.512069,-0.524284,0.203396,0.478179,upstairs
-0.247354,0.031925,0.028425,0.045373,0.140249,0.015649,0.0144789999999999,-0.008881,-0.244714,-0.03192,sitting
-3.076816,1.475719,0.006009,0.007926,0.0152539999999999,0.006801,-0.000656,-0.0377959999999999,-0.006145,-0.995484,standing
-2.403052,-1.238917,-0.005026,-0.020089,-0.008011,0.001159,0.01253,-0.044608,-0.2193449999999999,0.945432,standing
-2.678156,-0.088473,0.0038229999999999,-0.006854,-9e-06,0.003642,0.002188,-0.001405,-0.445277,0.088358,sitting
0.210508,-1.055482,-0.607133,4.2720839999999995,-0.01653,-0.316843,-0.968588,0.720974,0.102976,0.870138,jogging
1.093493,-0.295611,0.00377,0.001555,0.020833,-0.005639,-0.001163,-0.017877,0.849709,0.2913239999999999,sitting
3.064921,-1.36992,0.385247,-0.20413,-0.0620429999999999,0.057501,0.109173,0.083346,0.015283,0.979892,standing
-1.515323,-1.3916110000000002,0.072408,0.339848,0.029932,-0.130574,0.149846,-0.8230049999999999,-0.177928,0.983989,downstairs
-0.735347,-1.042876,-0.352582,-3.065089,0.913802,-0.221681,-0.461833,0.575892,-0.33792,0.863856,downstairs
0.6568189999999999,-1.151834,2.120784,-0.931395,2.348937,-0.04888,0.813707,0.147,0.248389,0.913512,walking
3.0212779999999997,-1.394796,0.0245449999999999,0.43776,-0.242042,0.256343,0.04296,-0.328308,0.021016,0.984552,upstairs
0.7002649999999999,-0.498367,0.020002,-0.047012,-0.039366,0.0156439999999999,-0.035701,-0.014177,0.566036,0.477992,sitting
0.443586,-0.144983,0.0067849999999999,-0.003565,-0.000802,-0.003445,0.001642,0.000569,0.424679,0.144476,sitting
1.366065,-0.404329,1.08194,3.08846,-2.623483,-0.373004,0.629761,0.952276,0.900165,0.393402,jogging
0.111094,-0.937153,-0.011352,0.015234,-0.004025,0.0219439999999999,0.0193039999999999,0.017771,0.0656419999999999,0.805876,sitting
0.578195,-1.228208,-0.502707,-0.726454,0.082562,0.280955,-0.237177,-0.128842,0.183584,0.941889,downstairs
0.6383260000000001,-0.434755,0.0086439999999999,-0.011548,0.008348,-0.001939,-0.00856,-0.011117,0.540421,0.421188,sitting
-1.524033,-1.156531,-0.998444,0.40025,-0.768016,0.115813,-0.5107189999999999,0.1072549999999999,-0.402067,0.915412,walking
0.571837,-0.931674,-1.780506,3.508544,-0.044821,-0.062337,0.186379,0.417758,0.322804,0.80262,upstairs
-2.911931,-0.133539,0.005703,0.008739,-0.005688,-0.0036729999999999,-0.001306,-0.010744,-0.225621,0.133142,sitting
-1.6943830000000002,-1.18036,-0.128646,1.726514,0.009597,-0.696447,0.363404,-0.365057,-0.3776489999999999,0.924743,walking
1.485013,-1.423197,-0.752884,-1.745337,-0.644881,0.40468,-1.480506,-0.028921,0.146498,0.989127,downstairs
1.210171,-1.151489,-0.504,0.4794,0.322626,-0.20905,-0.0012619999999999,-0.0400019999999999,0.380925,0.913371,downstairs
0.922831,-1.42161,-1.684502,-0.473259,-0.6949569999999999,-0.0825029999999999,0.038116,0.082867,0.118498,0.988892,downstairs
-0.224511,-0.64941,-2.689646,1.649755,0.900708,0.05579,-0.014446,0.318932,-0.177311,0.6047170000000001,upstairs
1.217102,-1.561659,-0.816667,0.429931,-0.533079,-0.014684,-0.199925,0.011352,0.008428,0.999958,upstairs
1.905159,-1.516545,-0.003652,-0.015294,-0.00337,-0.003827,0.00466,0.003629,0.051221,0.998529,standing
2.56969,-1.413086,0.914221,-0.017588,0.238078,-0.130537,-0.358256,0.74179,0.085005,0.987589,downstairs
-0.107614,-0.921193,-1.40527,-0.204922,0.6685800000000001,-0.1332,-0.325285,0.2124719999999999,-0.064966,0.796324,walking
2.48375,-1.229224,0.848108,0.033766,-1.257049,0.211833,0.024278,0.082696,0.204793,0.942229,downstairs
0.7901060000000001,-1.1712280000000002,1.394364,-1.295935,1.346482,-0.093415,-0.462412,0.142063,0.276367,0.921229,upstairs
2.3489869999999997,-1.446285,0.72014,-0.7814949999999999,-1.129616,-0.263237,-0.270625,-0.253748,0.0883559999999999,0.992258,jogging
0.77572,-0.094132,0.0310899999999999,-0.023734,-0.030047,0.004637,0.045426,-0.01811,0.69713,0.093993,sitting
3.096973,-1.364827,-0.029913,-0.046227,-0.020449,-0.0241189999999999,0.005542,0.020838,0.009119,0.978863,standing
0.105266,-0.1220329999999999,0.0139199999999999,-0.008583,0.003157,0.005741,0.010456,-6.8e-05,0.10429,0.1217309999999999,sitting
1.213907,-1.4600229999999998,-1.268281,0.870368,-0.136178,-0.129617,-0.013936,0.122569,0.103524,0.993871,walking
-2.082896,-1.538532,-0.0553279999999999,0.113559,-0.028166,-0.053436,0.001116,0.059327,-0.028122,0.99948,standing
0.295045,-0.357676,-0.014466,0.007351,0.008336,0.003606,0.004409,-0.001163,0.27238,0.350098,sitting
-1.361791,-1.4830020000000002,1.286092,1.075094,0.074745,0.0562289999999999,-0.820535,0.073395,-0.085755,0.996149,jogging
1.890879,-1.465762,-1.292835,0.893071,0.110414,0.31434,0.015811,0.17754,0.099509,0.994489,upstairs
-2.4039770000000003,-1.295256,1.4095959999999998,-0.155832,0.5632149999999999,0.284913,-0.752378,-0.741842,-0.182954,0.962278,jogging
-0.0968909999999999,-1.32715,-1.139255,-0.150694,-2.473525,0.002996,0.086451,0.523035,-0.023336,0.970465,walking
0.5692520000000001,-1.231642,-1.881077,1.533097,-0.211752,-0.194304,-0.144636,0.119444,0.17932,0.943036,walking
-1.053815,-1.284772,0.2472599999999999,-0.409479,-0.063988,0.130143,-0.037513,-0.126717,-0.245255,0.959373,downstairs
0.005877,-1.059244,0.561029,-2.0655189999999997,0.1569839999999999,-0.470742,-1.685706,1.587408,0.002877,0.871986,jogging
0.933114,-1.256486,-1.669454,1.126134,-1.7423919999999995,-0.313313,-0.056982,0.300985,0.248387,0.95101,walking
1.277652,-0.95455,2.099607,0.008864,2.407433,-0.076815,0.697237,0.513479,0.553316,0.816054,walking
-2.48552,-0.535408,-0.00103,0.002417,-0.041386,0.028488,-0.096435,0.084854,-0.524642,0.510192,sitting
0.147963,-1.294386,-1.779791,2.673879,-0.648556,0.2770289999999999,-0.4464619999999999,-0.553492,0.040232,0.962041,jogging
-2.00382,-1.100348,0.463348,-0.8203450000000001,-0.039498,-0.15561,0.437446,-0.275788,-0.411437,0.891365,upstairs
2.4395849999999997,-1.332867,0.003914,0.002902,-0.0079069999999999,-0.0150509999999999,-0.001827,0.008775,0.152197,0.971828,standing
-0.431134,-1.507579,1.874578,0.0198199999999999,1.059234,0.163746,-0.060991,-0.107125,-0.0264009999999999,0.998002,upstairs
0.465667,-0.067746,0.0045579999999999,0.024606,-0.004206,-0.002173,0.0002839999999999,-0.00373,0.447989,0.067694,sitting
0.132354,-1.134874,-1.452453,0.315113,-0.791918,0.106799,0.269071,0.514255,0.055723,0.906481,walking
1.0879370000000002,-1.254649,-1.364163,-1.904097,-3.350003,-0.192522,0.76036,-0.095937,0.275362,0.95044,walking
1.128491,-1.071871,0.550768,-0.5575319999999999,0.613594,-0.553554,-0.33554,0.1955059999999999,0.43243,0.8780969999999999,downstairs
-2.000454,-1.054884,-3.5854160000000004,-0.233812,-2.261735,0.308185,0.269577,0.300374,-0.4484899999999999,0.869843,downstairs
-2.47528,-0.380732,0.006449,-0.005285,0.009077,0.034245,-0.1724109999999999,0.084446,-0.5738260000000001,0.3716,sitting
0.346728,0.5865279999999999,1.209086,-0.437809,0.5986020000000001,0.135125,0.428091,0.388894,0.283027,-0.553473,upstairs
-1.494401,-1.406887,0.00238,0.010509,0.000633,-0.012542,0.00672,-0.0061329999999999,-0.162675,0.986597,standing
0.186498,-1.085654,-0.33916,-0.048337,-0.031388,-0.201716,-0.538524,0.4907,0.086467,0.884609,downstairs
-1.934168,-0.959899,-0.748401,-2.836306,-1.336784,0.6781,-0.732891,-0.399003,-0.536147,0.819134,walking
1.784991,-1.49408,0.021652,-0.025616,-0.002046,-0.027573,0.010128,0.0199169999999999,0.074753,0.997059,standing
0.422417,-1.048599,-1.690521,3.167553,-0.702642,0.266326,0.125813,0.124649,0.204484,0.866726,upstairs
-0.5554279999999999,-1.051012,-0.0159699999999999,-1.815497,0.411772,0.079259,-0.7188329999999999,0.373438,-0.2619059999999999,0.867926,walking
0.337709,-0.33795,0.028225,-0.002837,-0.0266959999999999,-0.0135129999999999,-0.01115,-0.005391,0.312585,0.331554,sitting
0.433619,0.025772,0.001629,0.000595,-0.007053,0.009502,0.0171319999999999,0.002349,0.420018,-0.025769,sitting
-0.122151,-0.986646,0.920176,-0.496017,0.484614,-0.016817,-0.756987,0.4518149999999999,-0.067198,0.834181,upstairs
1.223222,-0.600079,0.483977,0.4927189999999999,1.559923,-0.970535,0.521474,0.6481899999999999,0.77594,0.564708,walking
0.678187,-0.560056,-0.197211,0.421671,0.0582549999999999,-0.026972,0.02762,0.06047,0.5315340000000001,0.531233,sitting
-3.055871,-1.257894,-2.917781,1.913191,2.433557,-0.499921,0.960299,-1.078799,-0.026354,0.951444,jogging
-0.664655,-1.318064,1.3459299999999998,-0.280288,0.123871,-0.515993,0.81114,0.1186349999999999,-0.154203,0.968233,downstairs
-2.908026,-1.145582,-2.258461,-1.580776,0.5638920000000001,0.038497,-0.134415,-0.558713,-0.095474,0.91095,jogging
-2.531895,-1.371027,-0.630509,1.395154,0.5666800000000001,-0.160461,-0.023981,-0.0301899999999999,-0.113618,0.980112,walking
-1.525766,-1.1189639999999998,0.1536809999999999,-0.217547,-0.063391,-0.008723,0.003397,0.086884,-0.436162,0.899649,standing
0.027517,0.0008039999999999,0.000512,0.000441,0.000174,0.0040409999999999,0.008312,-0.004957,0.027514,-0.0008039999999999,sitting
1.302252,-1.305489,0.074386,0.2521199999999999,-0.341759,0.0309,-0.268586,-0.1162359999999999,0.252807,0.965012,downstairs
-2.071701,-0.430001,0.00527,-0.0008869999999999,0.002681,0.011833,0.001646,0.008881,-0.797279,0.416872,sitting
-2.252571,-0.8515969999999999,-1.768582,-0.177751,-1.595582,0.545755,0.2337199999999999,0.090177,-0.5114989999999999,0.7523340000000001,downstairs
-1.317536,-1.389409,0.049466,0.070446,0.027099,-0.01573,0.005053,0.038707,-0.1746079999999999,0.983594,standing
-2.2516,-0.936122,-0.8561770000000001,-1.045412,-1.459755,0.427425,-0.62251,-0.521766,-0.460735,0.805265,upstairs
3.119463,-1.237827,-1.785838,5.963592,-0.1110599999999999,-0.058578,-0.8491290000000001,-1.021924,0.007232,0.945076,downstairs
-2.688675,-0.524879,-0.0206389999999999,0.009414,-0.01443,-0.011834,-0.045984,0.008886,-0.378684,0.501108,sitting
-2.5180439999999997,-1.351943,0.031118,-0.03593,0.000528,-0.041027,0.0052829999999999,-0.045209,-0.126774,0.976147,standing
-2.014794,-1.271711,-1.360664,0.5580430000000001,-2.86932,-1.326894,0.643881,0.758184,-0.266077,0.955606,jogging
-1.267537,-1.391923,0.052111,0.076222,0.010578,-0.008625,0.0141389999999999,0.017629,-0.169765,0.984045,standing
-2.811293,-1.422489,0.025437,-0.1159309999999999,0.022161,0.007068,0.010169,-0.050537,-0.047901,0.989023,standing
-1.291167,-1.3240120000000002,0.184201,0.2459219999999999,-0.062646,0.098833,-0.0325079999999999,-0.114295,-0.2347429999999999,0.969703,standing
-0.955301,-0.996066,0.024678,-0.984024,-0.7272109999999999,0.0709299999999999,0.231813,-0.164521,-0.443824,0.839339,walking
-2.406211,-0.231431,0.003792,0.003426,-0.000475,-0.000293,0.0048509999999999,-0.006529,-0.652981,0.229371,sitting
-0.671033,-1.411061,0.012511,-0.0280769999999999,0.0130669999999999,0.043552,-0.0190229999999999,-0.11599,-0.098666,0.987269,standing
